DE,SWE_CommEMAtSea_RouCF,NatRouCF,1969,U,Y,1,Y,
SD,ZW,4484
VS,1,26820,Y,U,N,U,Observer,757,40,,,SRSWOR,Alta-Dutch Flat Elem,,,,,,Y,
FT,26820,1,N,U,N,U,Observer,AtSea,1,ZWHWN,1968-01-01,,ZWHWN,1968-01-01,,1,1,,,SRSWOR,1,,,,,,Y,
FO,N,1,U,N,U,Observer,H,V,Lan,1968-01-01,,1968-01-01,,60,Crew,,,,,,,27.3.a.21,,NotApplicable,,,,,,OTT_CRU_70-89_2_35,OTT,,,,,NotRecorded,NotApplicable,NotRecorded,NotApplicable,,So,10,10,1,1,CENSUS,1,,,,,,Y,
SS,1,N,U,N,U,Sort,Lan,Volume,Observer,Pckg_Survey_apiclust2_H1,N,,,1,1,1,1,CENSUS,1,,,,,,Y,
SA,1,,N,U,107254,NEP,FRE,WHL,DeadOrZeroProbSurvival,Lan,,,,U,,,,NotApplicable,,,,,,,,,Box,,,1,1,1,1,CENSUS,1,D,Observer,N,,,152,152,1
VS,10,32376,Y,U,N,U,Observer,757,40,,,SRSWOR,El Centro Elementary,,,,,,Y,
FT,32376,22,N,U,N,U,Observer,AtSea,1,ZWHWN,1968-01-22,,ZWHWN,1968-01-22,,11,5,,,SRSWOR,10,,,,,,Y,
FO,N,22,U,N,U,Observer,H,V,Lan,1968-01-22,,1968-01-22,,60,Crew,,,,,,,27.3.a.21,,NotApplicable,,,,,,OTT_CRU_70-89_2_35,OTT,,,,,NotRecorded,NotApplicable,NotRecorded,NotApplicable,,So,10,10,1,1,CENSUS,22,,,,,,Y,
SS,22,N,U,N,U,Sort,Lan,Volume,Observer,Pckg_Survey_apiclust2_H1,N,,,1,1,1,1,CENSUS,22,,,,,,Y,
SA,22,,N,U,107254,NEP,FRE,WHL,DeadOrZeroProbSurvival,Lan,,,,U,,,,NotApplicable,,,,,,,,,Box,,,1,1,1,1,CENSUS,22,D,Observer,N,,,365,365,1
FT,32376,23,N,U,N,U,Observer,AtSea,1,ZWHWN,1968-01-23,,ZWHWN,1968-01-23,,11,5,,,SRSWOR,10,,,,,,Y,
FO,N,23,U,N,U,Observer,H,V,Lan,1968-01-23,,1968-01-23,,60,Crew,,,,,,,27.3.a.21,,NotApplicable,,,,,,OTT_CRU_70-89_2_35,OTT,,,,,NotRecorded,NotApplicable,NotRecorded,NotApplicable,,So,10,10,1,1,CENSUS,23,,,,,,Y,
SS,23,N,U,N,U,Sort,Lan,Volume,Observer,Pckg_Survey_apiclust2_H1,N,,,1,1,1,1,CENSUS,23,,,,,,Y,
SA,23,,N,U,107254,NEP,FRE,WHL,DeadOrZeroProbSurvival,Lan,,,,U,,,,NotApplicable,,,,,,,,,Box,,,1,1,1,1,CENSUS,23,D,Observer,N,,,834,834,1
FT,32376,24,N,U,N,U,Observer,AtSea,1,ZWHWN,1968-01-24,,ZWHWN,1968-01-24,,11,5,,,SRSWOR,10,,,,,,Y,
FO,N,24,U,N,U,Observer,H,V,Lan,1968-01-24,,1968-01-24,,60,Crew,,,,,,,27.3.a.21,,NotApplicable,,,,,,OTT_CRU_70-89_2_35,OTT,,,,,NotRecorded,NotApplicable,NotRecorded,NotApplicable,,So,10,10,1,1,CENSUS,24,,,,,,Y,
SS,24,N,U,N,U,Sort,Lan,Volume,Observer,Pckg_Survey_apiclust2_H1,N,,,1,1,1,1,CENSUS,24,,,,,,Y,
SA,24,,N,U,107254,NEP,FRE,WHL,DeadOrZeroProbSurvival,Lan,,,,U,,,,NotApplicable,,,,,,,,,Box,,,1,1,1,1,CENSUS,24,D,Observer,N,,,397,397,1
FT,32376,25,N,U,N,U,Observer,AtSea,1,ZWHWN,1968-01-25,,ZWHWN,1968-01-25,,11,5,,,SRSWOR,10,,,,,,Y,
FO,N,25,U,N,U,Observer,H,V,Lan,1968-01-25,,1968-01-25,,60,Crew,,,,,,,27.3.a.21,,NotApplicable,,,,,,OTT_CRU_70-89_2_35,OTT,,,,,NotRecorded,NotApplicable,NotRecorded,NotApplicable,,So,10,10,1,1,CENSUS,25,,,,,,Y,
SS,25,N,U,N,U,Sort,Lan,Volume,Observer,Pckg_Survey_apiclust2_H1,N,,,1,1,1,1,CENSUS,25,,,,,,Y,
SA,25,,N,U,107254,NEP,FRE,WHL,DeadOrZeroProbSurvival,Lan,,,,U,,,,NotApplicable,,,,,,,,,Box,,,1,1,1,1,CENSUS,25,D,Observer,N,,,376,376,1
FT,32376,26,N,U,N,U,Observer,AtSea,1,ZWHWN,1968-01-26,,ZWHWN,1968-01-26,,11,5,,,SRSWOR,10,,,,,,Y,
FO,N,26,U,N,U,Observer,H,V,Lan,1968-01-26,,1968-01-26,,60,Crew,,,,,,,27.3.a.21,,NotApplicable,,,,,,OTT_CRU_70-89_2_35,OTT,,,,,NotRecorded,NotApplicable,NotRecorded,NotApplicable,,So,10,10,1,1,CENSUS,26,,,,,,Y,
SS,26,N,U,N,U,Sort,Lan,Volume,Observer,Pckg_Survey_apiclust2_H1,N,,,1,1,1,1,CENSUS,26,,,,,,Y,
SA,26,,N,U,107254,NEP,FRE,WHL,DeadOrZeroProbSurvival,Lan,,,,U,,,,NotApplicable,,,,,,,,,Box,,,1,1,1,1,CENSUS,26,D,Observer,N,,,498,498,1
VS,11,31356,Y,U,N,U,Observer,757,40,,,SRSWOR,Fairfax Elementary,,,,,,Y,
FT,31356,27,N,U,N,U,Observer,AtSea,1,ZWHWN,1968-01-27,,ZWHWN,1968-01-27,,2,2,,,SRSWOR,11,,,,,,Y,
FO,N,27,U,N,U,Observer,H,V,Lan,1968-01-27,,1968-01-27,,60,Crew,,,,,,,27.3.a.21,,NotApplicable,,,,,,OTT_CRU_70-89_2_35,OTT,,,,,NotRecorded,NotApplicable,NotRecorded,NotApplicable,,So,10,10,1,1,CENSUS,27,,,,,,Y,
SS,27,N,U,N,U,Sort,Lan,Volume,Observer,Pckg_Survey_apiclust2_H1,N,,,1,1,1,1,CENSUS,27,,,,,,Y,
SA,27,,N,U,107254,NEP,FRE,WHL,DeadOrZeroProbSurvival,Lan,,,,U,,,,NotApplicable,,,,,,,,,Box,,,1,1,1,1,CENSUS,27,D,Observer,N,,,NA,NA,1
FT,31356,28,N,U,N,U,Observer,AtSea,1,ZWHWN,1968-01-28,,ZWHWN,1968-01-28,,2,2,,,SRSWOR,11,,,,,,Y,
FO,N,28,U,N,U,Observer,H,V,Lan,1968-01-28,,1968-01-28,,60,Crew,,,,,,,27.3.a.21,,NotApplicable,,,,,,OTT_CRU_70-89_2_35,OTT,,,,,NotRecorded,NotApplicable,NotRecorded,NotApplicable,,So,10,10,1,1,CENSUS,28,,,,,,Y,
SS,28,N,U,N,U,Sort,Lan,Volume,Observer,Pckg_Survey_apiclust2_H1,N,,,1,1,1,1,CENSUS,28,,,,,,Y,
SA,28,,N,U,107254,NEP,FRE,WHL,DeadOrZeroProbSurvival,Lan,,,,U,,,,NotApplicable,,,,,,,,,Box,,,1,1,1,1,CENSUS,28,D,Observer,N,,,NA,NA,1
VS,12,17418,Y,U,N,U,Observer,757,40,,,SRSWOR,Geyserville Unified,,,,,,Y,
FT,17418,29,N,U,N,U,Observer,AtSea,1,ZWHWN,1968-01-29,,ZWHWN,1968-01-29,,1,1,,,SRSWOR,12,,,,,,Y,
FO,N,29,U,N,U,Observer,H,V,Lan,1968-01-29,,1968-01-29,,60,Crew,,,,,,,27.3.a.21,,NotApplicable,,,,,,OTT_CRU_70-89_2_35,OTT,,,,,NotRecorded,NotApplicable,NotRecorded,NotApplicable,,So,10,10,1,1,CENSUS,29,,,,,,Y,
SS,29,N,U,N,U,Sort,Lan,Volume,Observer,Pckg_Survey_apiclust2_H1,N,,,1,1,1,1,CENSUS,29,,,,,,Y,
SA,29,,N,U,107254,NEP,FRE,WHL,DeadOrZeroProbSurvival,Lan,,,,U,,,,NotApplicable,,,,,,,,,Box,,,1,1,1,1,CENSUS,29,D,Observer,N,,,112,112,1
VS,13,50358,Y,U,N,U,Observer,757,40,,,SRSWOR,Healdsburg Unified,,,,,,Y,
FT,50358,30,N,U,N,U,Observer,AtSea,1,ZWHWN,1968-01-30,,ZWHWN,1968-01-30,,5,5,,,SRSWOR,13,,,,,,Y,
FO,N,30,U,N,U,Observer,H,V,Lan,1968-01-30,,1968-01-30,,60,Crew,,,,,,,27.3.a.21,,NotApplicable,,,,,,OTT_CRU_70-89_2_35,OTT,,,,,NotRecorded,NotApplicable,NotRecorded,NotApplicable,,So,10,10,1,1,CENSUS,30,,,,,,Y,
SS,30,N,U,N,U,Sort,Lan,Volume,Observer,Pckg_Survey_apiclust2_H1,N,,,1,1,1,1,CENSUS,30,,,,,,Y,
SA,30,,N,U,107254,NEP,FRE,WHL,DeadOrZeroProbSurvival,Lan,,,,U,,,,NotApplicable,,,,,,,,,Box,,,1,1,1,1,CENSUS,30,D,Observer,N,,,435,435,1
FT,50358,31,N,U,N,U,Observer,AtSea,1,ZWHWN,1968-01-31,,ZWHWN,1968-01-31,,5,5,,,SRSWOR,13,,,,,,Y,
FO,N,31,U,N,U,Observer,H,V,Lan,1968-01-31,,1968-01-31,,60,Crew,,,,,,,27.3.a.21,,NotApplicable,,,,,,OTT_CRU_70-89_2_35,OTT,,,,,NotRecorded,NotApplicable,NotRecorded,NotApplicable,,So,10,10,1,1,CENSUS,31,,,,,,Y,
SS,31,N,U,N,U,Sort,Lan,Volume,Observer,Pckg_Survey_apiclust2_H1,N,,,1,1,1,1,CENSUS,31,,,,,,Y,
SA,31,,N,U,107254,NEP,FRE,WHL,DeadOrZeroProbSurvival,Lan,,,,U,,,,NotApplicable,,,,,,,,,Box,,,1,1,1,1,CENSUS,31,D,Observer,N,,,757,757,1
FT,50358,32,N,U,N,U,Observer,AtSea,1,ZWHWN,1968-02-01,,ZWHWN,1968-02-01,,5,5,,,SRSWOR,13,,,,,,Y,
FO,N,32,U,N,U,Observer,H,V,Lan,1968-02-01,,1968-02-01,,60,Crew,,,,,,,27.3.a.21,,NotApplicable,,,,,,OTT_CRU_70-89_2_35,OTT,,,,,NotRecorded,NotApplicable,NotRecorded,NotApplicable,,So,10,10,1,1,CENSUS,32,,,,,,Y,
SS,32,N,U,N,U,Sort,Lan,Volume,Observer,Pckg_Survey_apiclust2_H1,N,,,1,1,1,1,CENSUS,32,,,,,,Y,
SA,32,,N,U,107254,NEP,FRE,WHL,DeadOrZeroProbSurvival,Lan,,,,U,,,,NotApplicable,,,,,,,,,Box,,,1,1,1,1,CENSUS,32,D,Observer,N,,,445,445,1
FT,50358,33,N,U,N,U,Observer,AtSea,1,ZWHWN,1968-02-02,,ZWHWN,1968-02-02,,5,5,,,SRSWOR,13,,,,,,Y,
FO,N,33,U,N,U,Observer,H,V,Lan,1968-02-02,,1968-02-02,,60,Crew,,,,,,,27.3.a.21,,NotApplicable,,,,,,OTT_CRU_70-89_2_35,OTT,,,,,NotRecorded,NotApplicable,NotRecorded,NotApplicable,,So,10,10,1,1,CENSUS,33,,,,,,Y,
SS,33,N,U,N,U,Sort,Lan,Volume,Observer,Pckg_Survey_apiclust2_H1,N,,,1,1,1,1,CENSUS,33,,,,,,Y,
SA,33,,N,U,107254,NEP,FRE,WHL,DeadOrZeroProbSurvival,Lan,,,,U,,,,NotApplicable,,,,,,,,,Box,,,1,1,1,1,CENSUS,33,D,Observer,N,,,161,161,1
FT,50358,34,N,U,N,U,Observer,AtSea,1,ZWHWN,1968-02-03,,ZWHWN,1968-02-03,,5,5,,,SRSWOR,13,,,,,,Y,
FO,N,34,U,N,U,Observer,H,V,Lan,1968-02-03,,1968-02-03,,60,Crew,,,,,,,27.3.a.21,,NotApplicable,,,,,,OTT_CRU_70-89_2_35,OTT,,,,,NotRecorded,NotApplicable,NotRecorded,NotApplicable,,So,10,10,1,1,CENSUS,34,,,,,,Y,
SS,34,N,U,N,U,Sort,Lan,Volume,Observer,Pckg_Survey_apiclust2_H1,N,,,1,1,1,1,CENSUS,34,,,,,,Y,
SA,34,,N,U,107254,NEP,FRE,WHL,DeadOrZeroProbSurvival,Lan,,,,U,,,,NotApplicable,,,,,,,,,Box,,,1,1,1,1,CENSUS,34,D,Observer,N,,,298,298,1
VS,14,51358,Y,U,N,U,Observer,757,40,,,SRSWOR,Hillsborough City Elem,,,,,,Y,
FT,51358,35,N,U,N,U,Observer,AtSea,1,ZWHWN,1968-02-04,,ZWHWN,1968-02-04,,4,4,,,SRSWOR,14,,,,,,Y,
FO,N,35,U,N,U,Observer,H,V,Lan,1968-02-04,,1968-02-04,,60,Crew,,,,,,,27.3.a.21,,NotApplicable,,,,,,OTT_CRU_70-89_2_35,OTT,,,,,NotRecorded,NotApplicable,NotRecorded,NotApplicable,,So,10,10,1,1,CENSUS,35,,,,,,Y,
SS,35,N,U,N,U,Sort,Lan,Volume,Observer,Pckg_Survey_apiclust2_H1,N,,,1,1,1,1,CENSUS,35,,,,,,Y,
SA,35,,N,U,107254,NEP,FRE,WHL,DeadOrZeroProbSurvival,Lan,,,,U,,,,NotApplicable,,,,,,,,,Box,,,1,1,1,1,CENSUS,35,D,Observer,N,,,224,224,1
FT,51358,36,N,U,N,U,Observer,AtSea,1,ZWHWN,1968-02-05,,ZWHWN,1968-02-05,,4,4,,,SRSWOR,14,,,,,,Y,
FO,N,36,U,N,U,Observer,H,V,Lan,1968-02-05,,1968-02-05,,60,Crew,,,,,,,27.3.a.21,,NotApplicable,,,,,,OTT_CRU_70-89_2_35,OTT,,,,,NotRecorded,NotApplicable,NotRecorded,NotApplicable,,So,10,10,1,1,CENSUS,36,,,,,,Y,
SS,36,N,U,N,U,Sort,Lan,Volume,Observer,Pckg_Survey_apiclust2_H1,N,,,1,1,1,1,CENSUS,36,,,,,,Y,
SA,36,,N,U,107254,NEP,FRE,WHL,DeadOrZeroProbSurvival,Lan,,,,U,,,,NotApplicable,,,,,,,,,Box,,,1,1,1,1,CENSUS,36,D,Observer,N,,,175,175,1
FT,51358,37,N,U,N,U,Observer,AtSea,1,ZWHWN,1968-02-06,,ZWHWN,1968-02-06,,4,4,,,SRSWOR,14,,,,,,Y,
FO,N,37,U,N,U,Observer,H,V,Lan,1968-02-06,,1968-02-06,,60,Crew,,,,,,,27.3.a.21,,NotApplicable,,,,,,OTT_CRU_70-89_2_35,OTT,,,,,NotRecorded,NotApplicable,NotRecorded,NotApplicable,,So,10,10,1,1,CENSUS,37,,,,,,Y,
SS,37,N,U,N,U,Sort,Lan,Volume,Observer,Pckg_Survey_apiclust2_H1,N,,,1,1,1,1,CENSUS,37,,,,,,Y,
SA,37,,N,U,107254,NEP,FRE,WHL,DeadOrZeroProbSurvival,Lan,,,,U,,,,NotApplicable,,,,,,,,,Box,,,1,1,1,1,CENSUS,37,D,Observer,N,,,218,218,1
FT,51358,38,N,U,N,U,Observer,AtSea,1,ZWHWN,1968-02-07,,ZWHWN,1968-02-07,,4,4,,,SRSWOR,14,,,,,,Y,
FO,N,38,U,N,U,Observer,H,V,Lan,1968-02-07,,1968-02-07,,60,Crew,,,,,,,27.3.a.21,,NotApplicable,,,,,,OTT_CRU_70-89_2_35,OTT,,,,,NotRecorded,NotApplicable,NotRecorded,NotApplicable,,So,10,10,1,1,CENSUS,38,,,,,,Y,
SS,38,N,U,N,U,Sort,Lan,Volume,Observer,Pckg_Survey_apiclust2_H1,N,,,1,1,1,1,CENSUS,38,,,,,,Y,
SA,38,,N,U,107254,NEP,FRE,WHL,DeadOrZeroProbSurvival,Lan,,,,U,,,,NotApplicable,,,,,,,,,Box,,,1,1,1,1,CENSUS,38,D,Observer,N,,,463,463,1
VS,15,51168,Y,U,N,U,Observer,757,40,,,SRSWOR,Los Gatos Union Elem,,,,,,Y,
FT,51168,39,N,U,N,U,Observer,AtSea,1,ZWHWN,1968-02-08,,ZWHWN,1968-02-08,,5,5,,,SRSWOR,15,,,,,,Y,
FO,N,39,U,N,U,Observer,H,V,Lan,1968-02-08,,1968-02-08,,60,Crew,,,,,,,27.3.a.21,,NotApplicable,,,,,,OTT_CRU_70-89_2_35,OTT,,,,,NotRecorded,NotApplicable,NotRecorded,NotApplicable,,So,10,10,1,1,CENSUS,39,,,,,,Y,
SS,39,N,U,N,U,Sort,Lan,Volume,Observer,Pckg_Survey_apiclust2_H1,N,,,1,1,1,1,CENSUS,39,,,,,,Y,
SA,39,,N,U,107254,NEP,FRE,WHL,DeadOrZeroProbSurvival,Lan,,,,U,,,,NotApplicable,,,,,,,,,Box,,,1,1,1,1,CENSUS,39,D,Observer,N,,,395,395,1
FT,51168,40,N,U,N,U,Observer,AtSea,1,ZWHWN,1968-02-09,,ZWHWN,1968-02-09,,5,5,,,SRSWOR,15,,,,,,Y,
FO,N,40,U,N,U,Observer,H,V,Lan,1968-02-09,,1968-02-09,,60,Crew,,,,,,,27.3.a.21,,NotApplicable,,,,,,OTT_CRU_70-89_2_35,OTT,,,,,NotRecorded,NotApplicable,NotRecorded,NotApplicable,,So,10,10,1,1,CENSUS,40,,,,,,Y,
SS,40,N,U,N,U,Sort,Lan,Volume,Observer,Pckg_Survey_apiclust2_H1,N,,,1,1,1,1,CENSUS,40,,,,,,Y,
SA,40,,N,U,107254,NEP,FRE,WHL,DeadOrZeroProbSurvival,Lan,,,,U,,,,NotApplicable,,,,,,,,,Box,,,1,1,1,1,CENSUS,40,D,Observer,N,,,400,400,1
FT,51168,41,N,U,N,U,Observer,AtSea,1,ZWHWN,1968-02-10,,ZWHWN,1968-02-10,,5,5,,,SRSWOR,15,,,,,,Y,
FO,N,41,U,N,U,Observer,H,V,Lan,1968-02-10,,1968-02-10,,60,Crew,,,,,,,27.3.a.21,,NotApplicable,,,,,,OTT_CRU_70-89_2_35,OTT,,,,,NotRecorded,NotApplicable,NotRecorded,NotApplicable,,So,10,10,1,1,CENSUS,41,,,,,,Y,
SS,41,N,U,N,U,Sort,Lan,Volume,Observer,Pckg_Survey_apiclust2_H1,N,,,1,1,1,1,CENSUS,41,,,,,,Y,
SA,41,,N,U,107254,NEP,FRE,WHL,DeadOrZeroProbSurvival,Lan,,,,U,,,,NotApplicable,,,,,,,,,Box,,,1,1,1,1,CENSUS,41,D,Observer,N,,,362,362,1
FT,51168,42,N,U,N,U,Observer,AtSea,1,ZWHWN,1968-02-11,,ZWHWN,1968-02-11,,5,5,,,SRSWOR,15,,,,,,Y,
FO,N,42,U,N,U,Observer,H,V,Lan,1968-02-11,,1968-02-11,,60,Crew,,,,,,,27.3.a.21,,NotApplicable,,,,,,OTT_CRU_70-89_2_35,OTT,,,,,NotRecorded,NotApplicable,NotRecorded,NotApplicable,,So,10,10,1,1,CENSUS,42,,,,,,Y,
SS,42,N,U,N,U,Sort,Lan,Volume,Observer,Pckg_Survey_apiclust2_H1,N,,,1,1,1,1,CENSUS,42,,,,,,Y,
SA,42,,N,U,107254,NEP,FRE,WHL,DeadOrZeroProbSurvival,Lan,,,,U,,,,NotApplicable,,,,,,,,,Box,,,1,1,1,1,CENSUS,42,D,Observer,N,,,994,994,1
FT,51168,43,N,U,N,U,Observer,AtSea,1,ZWHWN,1968-02-12,,ZWHWN,1968-02-12,,5,5,,,SRSWOR,15,,,,,,Y,
FO,N,43,U,N,U,Observer,H,V,Lan,1968-02-12,,1968-02-12,,60,Crew,,,,,,,27.3.a.21,,NotApplicable,,,,,,OTT_CRU_70-89_2_35,OTT,,,,,NotRecorded,NotApplicable,NotRecorded,NotApplicable,,So,10,10,1,1,CENSUS,43,,,,,,Y,
SS,43,N,U,N,U,Sort,Lan,Volume,Observer,Pckg_Survey_apiclust2_H1,N,,,1,1,1,1,CENSUS,43,,,,,,Y,
SA,43,,N,U,107254,NEP,FRE,WHL,DeadOrZeroProbSurvival,Lan,,,,U,,,,NotApplicable,,,,,,,,,Box,,,1,1,1,1,CENSUS,43,D,Observer,N,,,113,113,1
VS,16,52004,Y,U,N,U,Observer,757,40,,,SRSWOR,Mojave Unified,,,,,,Y,
FT,52004,44,N,U,N,U,Observer,AtSea,1,ZWHWN,1968-02-13,,ZWHWN,1968-02-13,,4,4,,,SRSWOR,16,,,,,,Y,
FO,N,44,U,N,U,Observer,H,V,Lan,1968-02-13,,1968-02-13,,60,Crew,,,,,,,27.3.a.21,,NotApplicable,,,,,,OTT_CRU_70-89_2_35,OTT,,,,,NotRecorded,NotApplicable,NotRecorded,NotApplicable,,So,10,10,1,1,CENSUS,44,,,,,,Y,
SS,44,N,U,N,U,Sort,Lan,Volume,Observer,Pckg_Survey_apiclust2_H1,N,,,1,1,1,1,CENSUS,44,,,,,,Y,
SA,44,,N,U,107254,NEP,FRE,WHL,DeadOrZeroProbSurvival,Lan,,,,U,,,,NotApplicable,,,,,,,,,Box,,,1,1,1,1,CENSUS,44,D,Observer,N,,,NA,NA,1
FT,52004,45,N,U,N,U,Observer,AtSea,1,ZWHWN,1968-02-14,,ZWHWN,1968-02-14,,4,4,,,SRSWOR,16,,,,,,Y,
FO,N,45,U,N,U,Observer,H,V,Lan,1968-02-14,,1968-02-14,,60,Crew,,,,,,,27.3.a.21,,NotApplicable,,,,,,OTT_CRU_70-89_2_35,OTT,,,,,NotRecorded,NotApplicable,NotRecorded,NotApplicable,,So,10,10,1,1,CENSUS,45,,,,,,Y,
SS,45,N,U,N,U,Sort,Lan,Volume,Observer,Pckg_Survey_apiclust2_H1,N,,,1,1,1,1,CENSUS,45,,,,,,Y,
SA,45,,N,U,107254,NEP,FRE,WHL,DeadOrZeroProbSurvival,Lan,,,,U,,,,NotApplicable,,,,,,,,,Box,,,1,1,1,1,CENSUS,45,D,Observer,N,,,NA,NA,1
FT,52004,46,N,U,N,U,Observer,AtSea,1,ZWHWN,1968-02-15,,ZWHWN,1968-02-15,,4,4,,,SRSWOR,16,,,,,,Y,
FO,N,46,U,N,U,Observer,H,V,Lan,1968-02-15,,1968-02-15,,60,Crew,,,,,,,27.3.a.21,,NotApplicable,,,,,,OTT_CRU_70-89_2_35,OTT,,,,,NotRecorded,NotApplicable,NotRecorded,NotApplicable,,So,10,10,1,1,CENSUS,46,,,,,,Y,
SS,46,N,U,N,U,Sort,Lan,Volume,Observer,Pckg_Survey_apiclust2_H1,N,,,1,1,1,1,CENSUS,46,,,,,,Y,
SA,46,,N,U,107254,NEP,FRE,WHL,DeadOrZeroProbSurvival,Lan,,,,U,,,,NotApplicable,,,,,,,,,Box,,,1,1,1,1,CENSUS,46,D,Observer,N,,,NA,NA,1
FT,52004,47,N,U,N,U,Observer,AtSea,1,ZWHWN,1968-02-16,,ZWHWN,1968-02-16,,4,4,,,SRSWOR,16,,,,,,Y,
FO,N,47,U,N,U,Observer,H,V,Lan,1968-02-16,,1968-02-16,,60,Crew,,,,,,,27.3.a.21,,NotApplicable,,,,,,OTT_CRU_70-89_2_35,OTT,,,,,NotRecorded,NotApplicable,NotRecorded,NotApplicable,,So,10,10,1,1,CENSUS,47,,,,,,Y,
SS,47,N,U,N,U,Sort,Lan,Volume,Observer,Pckg_Survey_apiclust2_H1,N,,,1,1,1,1,CENSUS,47,,,,,,Y,
SA,47,,N,U,107254,NEP,FRE,WHL,DeadOrZeroProbSurvival,Lan,,,,U,,,,NotApplicable,,,,,,,,,Box,,,1,1,1,1,CENSUS,47,D,Observer,N,,,NA,NA,1
VS,17,38728,Y,U,N,U,Observer,757,40,,,SRSWOR,Montague Elementary,,,,,,Y,
FT,38728,48,N,U,N,U,Observer,AtSea,1,ZWHWN,1968-02-17,,ZWHWN,1968-02-17,,1,1,,,SRSWOR,17,,,,,,Y,
FO,N,48,U,N,U,Observer,H,V,Lan,1968-02-17,,1968-02-17,,60,Crew,,,,,,,27.3.a.21,,NotApplicable,,,,,,OTT_CRU_70-89_2_35,OTT,,,,,NotRecorded,NotApplicable,NotRecorded,NotApplicable,,So,10,10,1,1,CENSUS,48,,,,,,Y,
SS,48,N,U,N,U,Sort,Lan,Volume,Observer,Pckg_Survey_apiclust2_H1,N,,,1,1,1,1,CENSUS,48,,,,,,Y,
SA,48,,N,U,107254,NEP,FRE,WHL,DeadOrZeroProbSurvival,Lan,,,,U,,,,NotApplicable,,,,,,,,,Box,,,1,1,1,1,CENSUS,48,D,Observer,N,,,173,173,1
VS,18,34008,Y,U,N,U,Observer,757,40,,,SRSWOR,Natomas Unified,,,,,,Y,
FT,34008,49,N,U,N,U,Observer,AtSea,1,ZWHWN,1968-02-18,,ZWHWN,1968-02-18,,5,5,,,SRSWOR,18,,,,,,Y,
FO,N,49,U,N,U,Observer,H,V,Lan,1968-02-18,,1968-02-18,,60,Crew,,,,,,,27.3.a.21,,NotApplicable,,,,,,OTT_CRU_70-89_2_35,OTT,,,,,NotRecorded,NotApplicable,NotRecorded,NotApplicable,,So,10,10,1,1,CENSUS,49,,,,,,Y,
SS,49,N,U,N,U,Sort,Lan,Volume,Observer,Pckg_Survey_apiclust2_H1,N,,,1,1,1,1,CENSUS,49,,,,,,Y,
SA,49,,N,U,107254,NEP,FRE,WHL,DeadOrZeroProbSurvival,Lan,,,,U,,,,NotApplicable,,,,,,,,,Box,,,1,1,1,1,CENSUS,49,D,Observer,N,,,521,521,1
FT,34008,50,N,U,N,U,Observer,AtSea,1,ZWHWN,1968-02-19,,ZWHWN,1968-02-19,,5,5,,,SRSWOR,18,,,,,,Y,
FO,N,50,U,N,U,Observer,H,V,Lan,1968-02-19,,1968-02-19,,60,Crew,,,,,,,27.3.a.21,,NotApplicable,,,,,,OTT_CRU_70-89_2_35,OTT,,,,,NotRecorded,NotApplicable,NotRecorded,NotApplicable,,So,10,10,1,1,CENSUS,50,,,,,,Y,
SS,50,N,U,N,U,Sort,Lan,Volume,Observer,Pckg_Survey_apiclust2_H1,N,,,1,1,1,1,CENSUS,50,,,,,,Y,
SA,50,,N,U,107254,NEP,FRE,WHL,DeadOrZeroProbSurvival,Lan,,,,U,,,,NotApplicable,,,,,,,,,Box,,,1,1,1,1,CENSUS,50,D,Observer,N,,,541,541,1
FT,34008,51,N,U,N,U,Observer,AtSea,1,ZWHWN,1968-02-20,,ZWHWN,1968-02-20,,5,5,,,SRSWOR,18,,,,,,Y,
FO,N,51,U,N,U,Observer,H,V,Lan,1968-02-20,,1968-02-20,,60,Crew,,,,,,,27.3.a.21,,NotApplicable,,,,,,OTT_CRU_70-89_2_35,OTT,,,,,NotRecorded,NotApplicable,NotRecorded,NotApplicable,,So,10,10,1,1,CENSUS,51,,,,,,Y,
SS,51,N,U,N,U,Sort,Lan,Volume,Observer,Pckg_Survey_apiclust2_H1,N,,,1,1,1,1,CENSUS,51,,,,,,Y,
SA,51,,N,U,107254,NEP,FRE,WHL,DeadOrZeroProbSurvival,Lan,,,,U,,,,NotApplicable,,,,,,,,,Box,,,1,1,1,1,CENSUS,51,D,Observer,N,,,869,869,1
FT,34008,52,N,U,N,U,Observer,AtSea,1,ZWHWN,1968-02-21,,ZWHWN,1968-02-21,,5,5,,,SRSWOR,18,,,,,,Y,
FO,N,52,U,N,U,Observer,H,V,Lan,1968-02-21,,1968-02-21,,60,Crew,,,,,,,27.3.a.21,,NotApplicable,,,,,,OTT_CRU_70-89_2_35,OTT,,,,,NotRecorded,NotApplicable,NotRecorded,NotApplicable,,So,10,10,1,1,CENSUS,52,,,,,,Y,
SS,52,N,U,N,U,Sort,Lan,Volume,Observer,Pckg_Survey_apiclust2_H1,N,,,1,1,1,1,CENSUS,52,,,,,,Y,
SA,52,,N,U,107254,NEP,FRE,WHL,DeadOrZeroProbSurvival,Lan,,,,U,,,,NotApplicable,,,,,,,,,Box,,,1,1,1,1,CENSUS,52,D,Observer,N,,,1111,1111,1
FT,34008,53,N,U,N,U,Observer,AtSea,1,ZWHWN,1968-02-22,,ZWHWN,1968-02-22,,5,5,,,SRSWOR,18,,,,,,Y,
FO,N,53,U,N,U,Observer,H,V,Lan,1968-02-22,,1968-02-22,,60,Crew,,,,,,,27.3.a.21,,NotApplicable,,,,,,OTT_CRU_70-89_2_35,OTT,,,,,NotRecorded,NotApplicable,NotRecorded,NotApplicable,,So,10,10,1,1,CENSUS,53,,,,,,Y,
SS,53,N,U,N,U,Sort,Lan,Volume,Observer,Pckg_Survey_apiclust2_H1,N,,,1,1,1,1,CENSUS,53,,,,,,Y,
SA,53,,N,U,107254,NEP,FRE,WHL,DeadOrZeroProbSurvival,Lan,,,,U,,,,NotApplicable,,,,,,,,,Box,,,1,1,1,1,CENSUS,53,D,Observer,N,,,501,501,1
VS,19,23088,Y,U,N,U,Observer,757,40,,,SRSWOR,Oroville Union High,,,,,,Y,
FT,23088,54,N,U,N,U,Observer,AtSea,1,ZWHWN,1968-02-23,,ZWHWN,1968-02-23,,2,2,,,SRSWOR,19,,,,,,Y,
FO,N,54,U,N,U,Observer,H,V,Lan,1968-02-23,,1968-02-23,,60,Crew,,,,,,,27.3.a.21,,NotApplicable,,,,,,OTT_CRU_70-89_2_35,OTT,,,,,NotRecorded,NotApplicable,NotRecorded,NotApplicable,,So,10,10,1,1,CENSUS,54,,,,,,Y,
SS,54,N,U,N,U,Sort,Lan,Volume,Observer,Pckg_Survey_apiclust2_H1,N,,,1,1,1,1,CENSUS,54,,,,,,Y,
SA,54,,N,U,107254,NEP,FRE,WHL,DeadOrZeroProbSurvival,Lan,,,,U,,,,NotApplicable,,,,,,,,,Box,,,1,1,1,1,CENSUS,54,D,Observer,N,,,1031,1031,1
FT,23088,55,N,U,N,U,Observer,AtSea,1,ZWHWN,1968-02-24,,ZWHWN,1968-02-24,,2,2,,,SRSWOR,19,,,,,,Y,
FO,N,55,U,N,U,Observer,H,V,Lan,1968-02-24,,1968-02-24,,60,Crew,,,,,,,27.3.a.21,,NotApplicable,,,,,,OTT_CRU_70-89_2_35,OTT,,,,,NotRecorded,NotApplicable,NotRecorded,NotApplicable,,So,10,10,1,1,CENSUS,55,,,,,,Y,
SS,55,N,U,N,U,Sort,Lan,Volume,Observer,Pckg_Survey_apiclust2_H1,N,,,1,1,1,1,CENSUS,55,,,,,,Y,
SA,55,,N,U,107254,NEP,FRE,WHL,DeadOrZeroProbSurvival,Lan,,,,U,,,,NotApplicable,,,,,,,,,Box,,,1,1,1,1,CENSUS,55,D,Observer,N,,,797,797,1
VS,2,43412,Y,U,N,U,Observer,757,40,,,SRSWOR,Big Oak Flat-Grvlnd Unif,,,,,,Y,
FT,43412,2,N,U,N,U,Observer,AtSea,1,ZWHWN,1968-01-02,,ZWHWN,1968-01-02,,1,1,,,SRSWOR,2,,,,,,Y,
FO,N,2,U,N,U,Observer,H,V,Lan,1968-01-02,,1968-01-02,,60,Crew,,,,,,,27.3.a.21,,NotApplicable,,,,,,OTT_CRU_70-89_2_35,OTT,,,,,NotRecorded,NotApplicable,NotRecorded,NotApplicable,,So,10,10,1,1,CENSUS,2,,,,,,Y,
SS,2,N,U,N,U,Sort,Lan,Volume,Observer,Pckg_Survey_apiclust2_H1,N,,,1,1,1,1,CENSUS,2,,,,,,Y,
SA,2,,N,U,107254,NEP,FRE,WHL,DeadOrZeroProbSurvival,Lan,,,,U,,,,NotApplicable,,,,,,,,,Box,,,1,1,1,1,CENSUS,2,D,Observer,N,,,312,312,1
VS,20,50348,Y,U,N,U,Observer,757,40,,,SRSWOR,Palo Verde Unified,,,,,,Y,
FT,50348,56,N,U,N,U,Observer,AtSea,1,ZWHWN,1968-02-25,,ZWHWN,1968-02-25,,5,5,,,SRSWOR,20,,,,,,Y,
FO,N,56,U,N,U,Observer,H,V,Lan,1968-02-25,,1968-02-25,,60,Crew,,,,,,,27.3.a.21,,NotApplicable,,,,,,OTT_CRU_70-89_2_35,OTT,,,,,NotRecorded,NotApplicable,NotRecorded,NotApplicable,,So,10,10,1,1,CENSUS,56,,,,,,Y,
SS,56,N,U,N,U,Sort,Lan,Volume,Observer,Pckg_Survey_apiclust2_H1,N,,,1,1,1,1,CENSUS,56,,,,,,Y,
SA,56,,N,U,107254,NEP,FRE,WHL,DeadOrZeroProbSurvival,Lan,,,,U,,,,NotApplicable,,,,,,,,,Box,,,1,1,1,1,CENSUS,56,D,Observer,N,,,421,421,1
FT,50348,57,N,U,N,U,Observer,AtSea,1,ZWHWN,1968-02-26,,ZWHWN,1968-02-26,,5,5,,,SRSWOR,20,,,,,,Y,
FO,N,57,U,N,U,Observer,H,V,Lan,1968-02-26,,1968-02-26,,60,Crew,,,,,,,27.3.a.21,,NotApplicable,,,,,,OTT_CRU_70-89_2_35,OTT,,,,,NotRecorded,NotApplicable,NotRecorded,NotApplicable,,So,10,10,1,1,CENSUS,57,,,,,,Y,
SS,57,N,U,N,U,Sort,Lan,Volume,Observer,Pckg_Survey_apiclust2_H1,N,,,1,1,1,1,CENSUS,57,,,,,,Y,
SA,57,,N,U,107254,NEP,FRE,WHL,DeadOrZeroProbSurvival,Lan,,,,U,,,,NotApplicable,,,,,,,,,Box,,,1,1,1,1,CENSUS,57,D,Observer,N,,,723,723,1
FT,50348,58,N,U,N,U,Observer,AtSea,1,ZWHWN,1968-02-27,,ZWHWN,1968-02-27,,5,5,,,SRSWOR,20,,,,,,Y,
FO,N,58,U,N,U,Observer,H,V,Lan,1968-02-27,,1968-02-27,,60,Crew,,,,,,,27.3.a.21,,NotApplicable,,,,,,OTT_CRU_70-89_2_35,OTT,,,,,NotRecorded,NotApplicable,NotRecorded,NotApplicable,,So,10,10,1,1,CENSUS,58,,,,,,Y,
SS,58,N,U,N,U,Sort,Lan,Volume,Observer,Pckg_Survey_apiclust2_H1,N,,,1,1,1,1,CENSUS,58,,,,,,Y,
SA,58,,N,U,107254,NEP,FRE,WHL,DeadOrZeroProbSurvival,Lan,,,,U,,,,NotApplicable,,,,,,,,,Box,,,1,1,1,1,CENSUS,58,D,Observer,N,,,702,702,1
FT,50348,59,N,U,N,U,Observer,AtSea,1,ZWHWN,1968-02-28,,ZWHWN,1968-02-28,,5,5,,,SRSWOR,20,,,,,,Y,
FO,N,59,U,N,U,Observer,H,V,Lan,1968-02-28,,1968-02-28,,60,Crew,,,,,,,27.3.a.21,,NotApplicable,,,,,,OTT_CRU_70-89_2_35,OTT,,,,,NotRecorded,NotApplicable,NotRecorded,NotApplicable,,So,10,10,1,1,CENSUS,59,,,,,,Y,
SS,59,N,U,N,U,Sort,Lan,Volume,Observer,Pckg_Survey_apiclust2_H1,N,,,1,1,1,1,CENSUS,59,,,,,,Y,
SA,59,,N,U,107254,NEP,FRE,WHL,DeadOrZeroProbSurvival,Lan,,,,U,,,,NotApplicable,,,,,,,,,Box,,,1,1,1,1,CENSUS,59,D,Observer,N,,,411,411,1
FT,50348,60,N,U,N,U,Observer,AtSea,1,ZWHWN,1968-02-29,,ZWHWN,1968-02-29,,5,5,,,SRSWOR,20,,,,,,Y,
FO,N,60,U,N,U,Observer,H,V,Lan,1968-02-29,,1968-02-29,,60,Crew,,,,,,,27.3.a.21,,NotApplicable,,,,,,OTT_CRU_70-89_2_35,OTT,,,,,NotRecorded,NotApplicable,NotRecorded,NotApplicable,,So,10,10,1,1,CENSUS,60,,,,,,Y,
SS,60,N,U,N,U,Sort,Lan,Volume,Observer,Pckg_Survey_apiclust2_H1,N,,,1,1,1,1,CENSUS,60,,,,,,Y,
SA,60,,N,U,107254,NEP,FRE,WHL,DeadOrZeroProbSurvival,Lan,,,,U,,,,NotApplicable,,,,,,,,,Box,,,1,1,1,1,CENSUS,60,D,Observer,N,,,367,367,1
VS,21,41920,Y,U,N,U,Observer,757,40,,,SRSWOR,Piedmont City Unified,,,,,,Y,
FT,41920,61,N,U,N,U,Observer,AtSea,1,ZWHWN,1968-03-01,,ZWHWN,1968-03-01,,5,5,,,SRSWOR,21,,,,,,Y,
FO,N,61,U,N,U,Observer,H,V,Lan,1968-03-01,,1968-03-01,,60,Crew,,,,,,,27.3.a.21,,NotApplicable,,,,,,OTT_CRU_70-89_2_35,OTT,,,,,NotRecorded,NotApplicable,NotRecorded,NotApplicable,,So,10,10,1,1,CENSUS,61,,,,,,Y,
SS,61,N,U,N,U,Sort,Lan,Volume,Observer,Pckg_Survey_apiclust2_H1,N,,,1,1,1,1,CENSUS,61,,,,,,Y,
SA,61,,N,U,107254,NEP,FRE,WHL,DeadOrZeroProbSurvival,Lan,,,,U,,,,NotApplicable,,,,,,,,,Box,,,1,1,1,1,CENSUS,61,D,Observer,N,,,669,669,1
FT,41920,62,N,U,N,U,Observer,AtSea,1,ZWHWN,1968-03-02,,ZWHWN,1968-03-02,,5,5,,,SRSWOR,21,,,,,,Y,
FO,N,62,U,N,U,Observer,H,V,Lan,1968-03-02,,1968-03-02,,60,Crew,,,,,,,27.3.a.21,,NotApplicable,,,,,,OTT_CRU_70-89_2_35,OTT,,,,,NotRecorded,NotApplicable,NotRecorded,NotApplicable,,So,10,10,1,1,CENSUS,62,,,,,,Y,
SS,62,N,U,N,U,Sort,Lan,Volume,Observer,Pckg_Survey_apiclust2_H1,N,,,1,1,1,1,CENSUS,62,,,,,,Y,
SA,62,,N,U,107254,NEP,FRE,WHL,DeadOrZeroProbSurvival,Lan,,,,U,,,,NotApplicable,,,,,,,,,Box,,,1,1,1,1,CENSUS,62,D,Observer,N,,,328,328,1
FT,41920,63,N,U,N,U,Observer,AtSea,1,ZWHWN,1968-03-03,,ZWHWN,1968-03-03,,5,5,,,SRSWOR,21,,,,,,Y,
FO,N,63,U,N,U,Observer,H,V,Lan,1968-03-03,,1968-03-03,,60,Crew,,,,,,,27.3.a.21,,NotApplicable,,,,,,OTT_CRU_70-89_2_35,OTT,,,,,NotRecorded,NotApplicable,NotRecorded,NotApplicable,,So,10,10,1,1,CENSUS,63,,,,,,Y,
SS,63,N,U,N,U,Sort,Lan,Volume,Observer,Pckg_Survey_apiclust2_H1,N,,,1,1,1,1,CENSUS,63,,,,,,Y,
SA,63,,N,U,107254,NEP,FRE,WHL,DeadOrZeroProbSurvival,Lan,,,,U,,,,NotApplicable,,,,,,,,,Box,,,1,1,1,1,CENSUS,63,D,Observer,N,,,668,668,1
FT,41920,64,N,U,N,U,Observer,AtSea,1,ZWHWN,1968-03-04,,ZWHWN,1968-03-04,,5,5,,,SRSWOR,21,,,,,,Y,
FO,N,64,U,N,U,Observer,H,V,Lan,1968-03-04,,1968-03-04,,60,Crew,,,,,,,27.3.a.21,,NotApplicable,,,,,,OTT_CRU_70-89_2_35,OTT,,,,,NotRecorded,NotApplicable,NotRecorded,NotApplicable,,So,10,10,1,1,CENSUS,64,,,,,,Y,
SS,64,N,U,N,U,Sort,Lan,Volume,Observer,Pckg_Survey_apiclust2_H1,N,,,1,1,1,1,CENSUS,64,,,,,,Y,
SA,64,,N,U,107254,NEP,FRE,WHL,DeadOrZeroProbSurvival,Lan,,,,U,,,,NotApplicable,,,,,,,,,Box,,,1,1,1,1,CENSUS,64,D,Observer,N,,,223,223,1
FT,41920,65,N,U,N,U,Observer,AtSea,1,ZWHWN,1968-03-05,,ZWHWN,1968-03-05,,5,5,,,SRSWOR,21,,,,,,Y,
FO,N,65,U,N,U,Observer,H,V,Lan,1968-03-05,,1968-03-05,,60,Crew,,,,,,,27.3.a.21,,NotApplicable,,,,,,OTT_CRU_70-89_2_35,OTT,,,,,NotRecorded,NotApplicable,NotRecorded,NotApplicable,,So,10,10,1,1,CENSUS,65,,,,,,Y,
SS,65,N,U,N,U,Sort,Lan,Volume,Observer,Pckg_Survey_apiclust2_H1,N,,,1,1,1,1,CENSUS,65,,,,,,Y,
SA,65,,N,U,107254,NEP,FRE,WHL,DeadOrZeroProbSurvival,Lan,,,,U,,,,NotApplicable,,,,,,,,,Box,,,1,1,1,1,CENSUS,65,D,Observer,N,,,213,213,1
VS,22,33640,Y,U,N,U,Observer,757,40,,,SRSWOR,Pioneer Union Elem (Char),,,,,,Y,
FT,33640,66,N,U,N,U,Observer,AtSea,1,ZWHWN,1968-03-06,,ZWHWN,1968-03-06,,2,2,,,SRSWOR,22,,,,,,Y,
FO,N,66,U,N,U,Observer,H,V,Lan,1968-03-06,,1968-03-06,,60,Crew,,,,,,,27.3.a.21,,NotApplicable,,,,,,OTT_CRU_70-89_2_35,OTT,,,,,NotRecorded,NotApplicable,NotRecorded,NotApplicable,,So,10,10,1,1,CENSUS,66,,,,,,Y,
SS,66,N,U,N,U,Sort,Lan,Volume,Observer,Pckg_Survey_apiclust2_H1,N,,,1,1,1,1,CENSUS,66,,,,,,Y,
SA,66,,N,U,107254,NEP,FRE,WHL,DeadOrZeroProbSurvival,Lan,,,,U,,,,NotApplicable,,,,,,,,,Box,,,1,1,1,1,CENSUS,66,D,Observer,N,,,343,343,1
FT,33640,67,N,U,N,U,Observer,AtSea,1,ZWHWN,1968-03-07,,ZWHWN,1968-03-07,,2,2,,,SRSWOR,22,,,,,,Y,
FO,N,67,U,N,U,Observer,H,V,Lan,1968-03-07,,1968-03-07,,60,Crew,,,,,,,27.3.a.21,,NotApplicable,,,,,,OTT_CRU_70-89_2_35,OTT,,,,,NotRecorded,NotApplicable,NotRecorded,NotApplicable,,So,10,10,1,1,CENSUS,67,,,,,,Y,
SS,67,N,U,N,U,Sort,Lan,Volume,Observer,Pckg_Survey_apiclust2_H1,N,,,1,1,1,1,CENSUS,67,,,,,,Y,
SA,67,,N,U,107254,NEP,FRE,WHL,DeadOrZeroProbSurvival,Lan,,,,U,,,,NotApplicable,,,,,,,,,Box,,,1,1,1,1,CENSUS,67,D,Observer,N,,,454,454,1
VS,23,45906,Y,U,N,U,Observer,757,40,,,SRSWOR,Pomona Unified,,,,,,Y,
FT,45906,68,N,U,N,U,Observer,AtSea,1,ZWHWN,1968-03-08,,ZWHWN,1968-03-08,,36,5,,,SRSWOR,23,,,,,,Y,
FO,N,68,U,N,U,Observer,H,V,Lan,1968-03-08,,1968-03-08,,60,Crew,,,,,,,27.3.a.21,,NotApplicable,,,,,,OTT_CRU_70-89_2_35,OTT,,,,,NotRecorded,NotApplicable,NotRecorded,NotApplicable,,So,10,10,1,1,CENSUS,68,,,,,,Y,
SS,68,N,U,N,U,Sort,Lan,Volume,Observer,Pckg_Survey_apiclust2_H1,N,,,1,1,1,1,CENSUS,68,,,,,,Y,
SA,68,,N,U,107254,NEP,FRE,WHL,DeadOrZeroProbSurvival,Lan,,,,U,,,,NotApplicable,,,,,,,,,Box,,,1,1,1,1,CENSUS,68,D,Observer,N,,,1195,1195,1
FT,45906,69,N,U,N,U,Observer,AtSea,1,ZWHWN,1968-03-09,,ZWHWN,1968-03-09,,36,5,,,SRSWOR,23,,,,,,Y,
FO,N,69,U,N,U,Observer,H,V,Lan,1968-03-09,,1968-03-09,,60,Crew,,,,,,,27.3.a.21,,NotApplicable,,,,,,OTT_CRU_70-89_2_35,OTT,,,,,NotRecorded,NotApplicable,NotRecorded,NotApplicable,,So,10,10,1,1,CENSUS,69,,,,,,Y,
SS,69,N,U,N,U,Sort,Lan,Volume,Observer,Pckg_Survey_apiclust2_H1,N,,,1,1,1,1,CENSUS,69,,,,,,Y,
SA,69,,N,U,107254,NEP,FRE,WHL,DeadOrZeroProbSurvival,Lan,,,,U,,,,NotApplicable,,,,,,,,,Box,,,1,1,1,1,CENSUS,69,D,Observer,N,,,1145,1145,1
FT,45906,70,N,U,N,U,Observer,AtSea,1,ZWHWN,1968-03-10,,ZWHWN,1968-03-10,,36,5,,,SRSWOR,23,,,,,,Y,
FO,N,70,U,N,U,Observer,H,V,Lan,1968-03-10,,1968-03-10,,60,Crew,,,,,,,27.3.a.21,,NotApplicable,,,,,,OTT_CRU_70-89_2_35,OTT,,,,,NotRecorded,NotApplicable,NotRecorded,NotApplicable,,So,10,10,1,1,CENSUS,70,,,,,,Y,
SS,70,N,U,N,U,Sort,Lan,Volume,Observer,Pckg_Survey_apiclust2_H1,N,,,1,1,1,1,CENSUS,70,,,,,,Y,
SA,70,,N,U,107254,NEP,FRE,WHL,DeadOrZeroProbSurvival,Lan,,,,U,,,,NotApplicable,,,,,,,,,Box,,,1,1,1,1,CENSUS,70,D,Observer,N,,,1120,1120,1
FT,45906,71,N,U,N,U,Observer,AtSea,1,ZWHWN,1968-03-11,,ZWHWN,1968-03-11,,36,5,,,SRSWOR,23,,,,,,Y,
FO,N,71,U,N,U,Observer,H,V,Lan,1968-03-11,,1968-03-11,,60,Crew,,,,,,,27.3.a.21,,NotApplicable,,,,,,OTT_CRU_70-89_2_35,OTT,,,,,NotRecorded,NotApplicable,NotRecorded,NotApplicable,,So,10,10,1,1,CENSUS,71,,,,,,Y,
SS,71,N,U,N,U,Sort,Lan,Volume,Observer,Pckg_Survey_apiclust2_H1,N,,,1,1,1,1,CENSUS,71,,,,,,Y,
SA,71,,N,U,107254,NEP,FRE,WHL,DeadOrZeroProbSurvival,Lan,,,,U,,,,NotApplicable,,,,,,,,,Box,,,1,1,1,1,CENSUS,71,D,Observer,N,,,840,840,1
FT,45906,72,N,U,N,U,Observer,AtSea,1,ZWHWN,1968-03-12,,ZWHWN,1968-03-12,,36,5,,,SRSWOR,23,,,,,,Y,
FO,N,72,U,N,U,Observer,H,V,Lan,1968-03-12,,1968-03-12,,60,Crew,,,,,,,27.3.a.21,,NotApplicable,,,,,,OTT_CRU_70-89_2_35,OTT,,,,,NotRecorded,NotApplicable,NotRecorded,NotApplicable,,So,10,10,1,1,CENSUS,72,,,,,,Y,
SS,72,N,U,N,U,Sort,Lan,Volume,Observer,Pckg_Survey_apiclust2_H1,N,,,1,1,1,1,CENSUS,72,,,,,,Y,
SA,72,,N,U,107254,NEP,FRE,WHL,DeadOrZeroProbSurvival,Lan,,,,U,,,,NotApplicable,,,,,,,,,Box,,,1,1,1,1,CENSUS,72,D,Observer,N,,,455,455,1
VS,24,47050,Y,U,N,U,Observer,757,40,,,SRSWOR,Potter Valley Community,,,,,,Y,
FT,47050,73,N,U,N,U,Observer,AtSea,1,ZWHWN,1968-03-13,,ZWHWN,1968-03-13,,1,1,,,SRSWOR,24,,,,,,Y,
FO,N,73,U,N,U,Observer,H,V,Lan,1968-03-13,,1968-03-13,,60,Crew,,,,,,,27.3.a.21,,NotApplicable,,,,,,OTT_CRU_70-89_2_35,OTT,,,,,NotRecorded,NotApplicable,NotRecorded,NotApplicable,,So,10,10,1,1,CENSUS,73,,,,,,Y,
SS,73,N,U,N,U,Sort,Lan,Volume,Observer,Pckg_Survey_apiclust2_H1,N,,,1,1,1,1,CENSUS,73,,,,,,Y,
SA,73,,N,U,107254,NEP,FRE,WHL,DeadOrZeroProbSurvival,Lan,,,,U,,,,NotApplicable,,,,,,,,,Box,,,1,1,1,1,CENSUS,73,D,Observer,N,,,181,181,1
VS,25,19344,Y,U,N,U,Observer,757,40,,,SRSWOR,Poway Unified,,,,,,Y,
FT,19344,74,N,U,N,U,Observer,AtSea,1,ZWHWN,1968-03-14,,ZWHWN,1968-03-14,,28,5,,,SRSWOR,25,,,,,,Y,
FO,N,74,U,N,U,Observer,H,V,Lan,1968-03-14,,1968-03-14,,60,Crew,,,,,,,27.3.a.21,,NotApplicable,,,,,,OTT_CRU_70-89_2_35,OTT,,,,,NotRecorded,NotApplicable,NotRecorded,NotApplicable,,So,10,10,1,1,CENSUS,74,,,,,,Y,
SS,74,N,U,N,U,Sort,Lan,Volume,Observer,Pckg_Survey_apiclust2_H1,N,,,1,1,1,1,CENSUS,74,,,,,,Y,
SA,74,,N,U,107254,NEP,FRE,WHL,DeadOrZeroProbSurvival,Lan,,,,U,,,,NotApplicable,,,,,,,,,Box,,,1,1,1,1,CENSUS,74,D,Observer,N,,,520,520,1
FT,19344,75,N,U,N,U,Observer,AtSea,1,ZWHWN,1968-03-15,,ZWHWN,1968-03-15,,28,5,,,SRSWOR,25,,,,,,Y,
FO,N,75,U,N,U,Observer,H,V,Lan,1968-03-15,,1968-03-15,,60,Crew,,,,,,,27.3.a.21,,NotApplicable,,,,,,OTT_CRU_70-89_2_35,OTT,,,,,NotRecorded,NotApplicable,NotRecorded,NotApplicable,,So,10,10,1,1,CENSUS,75,,,,,,Y,
SS,75,N,U,N,U,Sort,Lan,Volume,Observer,Pckg_Survey_apiclust2_H1,N,,,1,1,1,1,CENSUS,75,,,,,,Y,
SA,75,,N,U,107254,NEP,FRE,WHL,DeadOrZeroProbSurvival,Lan,,,,U,,,,NotApplicable,,,,,,,,,Box,,,1,1,1,1,CENSUS,75,D,Observer,N,,,474,474,1
FT,19344,76,N,U,N,U,Observer,AtSea,1,ZWHWN,1968-03-16,,ZWHWN,1968-03-16,,28,5,,,SRSWOR,25,,,,,,Y,
FO,N,76,U,N,U,Observer,H,V,Lan,1968-03-16,,1968-03-16,,60,Crew,,,,,,,27.3.a.21,,NotApplicable,,,,,,OTT_CRU_70-89_2_35,OTT,,,,,NotRecorded,NotApplicable,NotRecorded,NotApplicable,,So,10,10,1,1,CENSUS,76,,,,,,Y,
SS,76,N,U,N,U,Sort,Lan,Volume,Observer,Pckg_Survey_apiclust2_H1,N,,,1,1,1,1,CENSUS,76,,,,,,Y,
SA,76,,N,U,107254,NEP,FRE,WHL,DeadOrZeroProbSurvival,Lan,,,,U,,,,NotApplicable,,,,,,,,,Box,,,1,1,1,1,CENSUS,76,D,Observer,N,,,408,408,1
FT,19344,77,N,U,N,U,Observer,AtSea,1,ZWHWN,1968-03-17,,ZWHWN,1968-03-17,,28,5,,,SRSWOR,25,,,,,,Y,
FO,N,77,U,N,U,Observer,H,V,Lan,1968-03-17,,1968-03-17,,60,Crew,,,,,,,27.3.a.21,,NotApplicable,,,,,,OTT_CRU_70-89_2_35,OTT,,,,,NotRecorded,NotApplicable,NotRecorded,NotApplicable,,So,10,10,1,1,CENSUS,77,,,,,,Y,
SS,77,N,U,N,U,Sort,Lan,Volume,Observer,Pckg_Survey_apiclust2_H1,N,,,1,1,1,1,CENSUS,77,,,,,,Y,
SA,77,,N,U,107254,NEP,FRE,WHL,DeadOrZeroProbSurvival,Lan,,,,U,,,,NotApplicable,,,,,,,,,Box,,,1,1,1,1,CENSUS,77,D,Observer,N,,,583,583,1
FT,19344,78,N,U,N,U,Observer,AtSea,1,ZWHWN,1968-03-18,,ZWHWN,1968-03-18,,28,5,,,SRSWOR,25,,,,,,Y,
FO,N,78,U,N,U,Observer,H,V,Lan,1968-03-18,,1968-03-18,,60,Crew,,,,,,,27.3.a.21,,NotApplicable,,,,,,OTT_CRU_70-89_2_35,OTT,,,,,NotRecorded,NotApplicable,NotRecorded,NotApplicable,,So,10,10,1,1,CENSUS,78,,,,,,Y,
SS,78,N,U,N,U,Sort,Lan,Volume,Observer,Pckg_Survey_apiclust2_H1,N,,,1,1,1,1,CENSUS,78,,,,,,Y,
SA,78,,N,U,107254,NEP,FRE,WHL,DeadOrZeroProbSurvival,Lan,,,,U,,,,NotApplicable,,,,,,,,,Box,,,1,1,1,1,CENSUS,78,D,Observer,N,,,1119,1119,1
VS,26,50248,Y,U,N,U,Observer,757,40,,,SRSWOR,Rincon Valley Union Elem,,,,,,Y,
FT,50248,79,N,U,N,U,Observer,AtSea,1,ZWHWN,1968-03-19,,ZWHWN,1968-03-19,,7,5,,,SRSWOR,26,,,,,,Y,
FO,N,79,U,N,U,Observer,H,V,Lan,1968-03-19,,1968-03-19,,60,Crew,,,,,,,27.3.a.21,,NotApplicable,,,,,,OTT_CRU_70-89_2_35,OTT,,,,,NotRecorded,NotApplicable,NotRecorded,NotApplicable,,So,10,10,1,1,CENSUS,79,,,,,,Y,
SS,79,N,U,N,U,Sort,Lan,Volume,Observer,Pckg_Survey_apiclust2_H1,N,,,1,1,1,1,CENSUS,79,,,,,,Y,
SA,79,,N,U,107254,NEP,FRE,WHL,DeadOrZeroProbSurvival,Lan,,,,U,,,,NotApplicable,,,,,,,,,Box,,,1,1,1,1,CENSUS,79,D,Observer,N,,,264,264,1
FT,50248,80,N,U,N,U,Observer,AtSea,1,ZWHWN,1968-03-20,,ZWHWN,1968-03-20,,7,5,,,SRSWOR,26,,,,,,Y,
FO,N,80,U,N,U,Observer,H,V,Lan,1968-03-20,,1968-03-20,,60,Crew,,,,,,,27.3.a.21,,NotApplicable,,,,,,OTT_CRU_70-89_2_35,OTT,,,,,NotRecorded,NotApplicable,NotRecorded,NotApplicable,,So,10,10,1,1,CENSUS,80,,,,,,Y,
SS,80,N,U,N,U,Sort,Lan,Volume,Observer,Pckg_Survey_apiclust2_H1,N,,,1,1,1,1,CENSUS,80,,,,,,Y,
SA,80,,N,U,107254,NEP,FRE,WHL,DeadOrZeroProbSurvival,Lan,,,,U,,,,NotApplicable,,,,,,,,,Box,,,1,1,1,1,CENSUS,80,D,Observer,N,,,260,260,1
FT,50248,81,N,U,N,U,Observer,AtSea,1,ZWHWN,1968-03-21,,ZWHWN,1968-03-21,,7,5,,,SRSWOR,26,,,,,,Y,
FO,N,81,U,N,U,Observer,H,V,Lan,1968-03-21,,1968-03-21,,60,Crew,,,,,,,27.3.a.21,,NotApplicable,,,,,,OTT_CRU_70-89_2_35,OTT,,,,,NotRecorded,NotApplicable,NotRecorded,NotApplicable,,So,10,10,1,1,CENSUS,81,,,,,,Y,
SS,81,N,U,N,U,Sort,Lan,Volume,Observer,Pckg_Survey_apiclust2_H1,N,,,1,1,1,1,CENSUS,81,,,,,,Y,
SA,81,,N,U,107254,NEP,FRE,WHL,DeadOrZeroProbSurvival,Lan,,,,U,,,,NotApplicable,,,,,,,,,Box,,,1,1,1,1,CENSUS,81,D,Observer,N,,,235,235,1
FT,50248,82,N,U,N,U,Observer,AtSea,1,ZWHWN,1968-03-22,,ZWHWN,1968-03-22,,7,5,,,SRSWOR,26,,,,,,Y,
FO,N,82,U,N,U,Observer,H,V,Lan,1968-03-22,,1968-03-22,,60,Crew,,,,,,,27.3.a.21,,NotApplicable,,,,,,OTT_CRU_70-89_2_35,OTT,,,,,NotRecorded,NotApplicable,NotRecorded,NotApplicable,,So,10,10,1,1,CENSUS,82,,,,,,Y,
SS,82,N,U,N,U,Sort,Lan,Volume,Observer,Pckg_Survey_apiclust2_H1,N,,,1,1,1,1,CENSUS,82,,,,,,Y,
SA,82,,N,U,107254,NEP,FRE,WHL,DeadOrZeroProbSurvival,Lan,,,,U,,,,NotApplicable,,,,,,,,,Box,,,1,1,1,1,CENSUS,82,D,Observer,N,,,380,380,1
FT,50248,83,N,U,N,U,Observer,AtSea,1,ZWHWN,1968-03-23,,ZWHWN,1968-03-23,,7,5,,,SRSWOR,26,,,,,,Y,
FO,N,83,U,N,U,Observer,H,V,Lan,1968-03-23,,1968-03-23,,60,Crew,,,,,,,27.3.a.21,,NotApplicable,,,,,,OTT_CRU_70-89_2_35,OTT,,,,,NotRecorded,NotApplicable,NotRecorded,NotApplicable,,So,10,10,1,1,CENSUS,83,,,,,,Y,
SS,83,N,U,N,U,Sort,Lan,Volume,Observer,Pckg_Survey_apiclust2_H1,N,,,1,1,1,1,CENSUS,83,,,,,,Y,
SA,83,,N,U,107254,NEP,FRE,WHL,DeadOrZeroProbSurvival,Lan,,,,U,,,,NotApplicable,,,,,,,,,Box,,,1,1,1,1,CENSUS,83,D,Observer,N,,,304,304,1
VS,27,52332,Y,U,N,U,Observer,757,40,,,SRSWOR,Sacramento City Unified,,,,,,Y,
FT,52332,84,N,U,N,U,Observer,AtSea,1,ZWHWN,1968-03-24,,ZWHWN,1968-03-24,,72,5,,,SRSWOR,27,,,,,,Y,
FO,N,84,U,N,U,Observer,H,V,Lan,1968-03-24,,1968-03-24,,60,Crew,,,,,,,27.3.a.21,,NotApplicable,,,,,,OTT_CRU_70-89_2_35,OTT,,,,,NotRecorded,NotApplicable,NotRecorded,NotApplicable,,So,10,10,1,1,CENSUS,84,,,,,,Y,
SS,84,N,U,N,U,Sort,Lan,Volume,Observer,Pckg_Survey_apiclust2_H1,N,,,1,1,1,1,CENSUS,84,,,,,,Y,
SA,84,,N,U,107254,NEP,FRE,WHL,DeadOrZeroProbSurvival,Lan,,,,U,,,,NotApplicable,,,,,,,,,Box,,,1,1,1,1,CENSUS,84,D,Observer,N,,,282,282,1
FT,52332,85,N,U,N,U,Observer,AtSea,1,ZWHWN,1968-03-25,,ZWHWN,1968-03-25,,72,5,,,SRSWOR,27,,,,,,Y,
FO,N,85,U,N,U,Observer,H,V,Lan,1968-03-25,,1968-03-25,,60,Crew,,,,,,,27.3.a.21,,NotApplicable,,,,,,OTT_CRU_70-89_2_35,OTT,,,,,NotRecorded,NotApplicable,NotRecorded,NotApplicable,,So,10,10,1,1,CENSUS,85,,,,,,Y,
SS,85,N,U,N,U,Sort,Lan,Volume,Observer,Pckg_Survey_apiclust2_H1,N,,,1,1,1,1,CENSUS,85,,,,,,Y,
SA,85,,N,U,107254,NEP,FRE,WHL,DeadOrZeroProbSurvival,Lan,,,,U,,,,NotApplicable,,,,,,,,,Box,,,1,1,1,1,CENSUS,85,D,Observer,N,,,175,175,1
FT,52332,86,N,U,N,U,Observer,AtSea,1,ZWHWN,1968-03-26,,ZWHWN,1968-03-26,,72,5,,,SRSWOR,27,,,,,,Y,
FO,N,86,U,N,U,Observer,H,V,Lan,1968-03-26,,1968-03-26,,60,Crew,,,,,,,27.3.a.21,,NotApplicable,,,,,,OTT_CRU_70-89_2_35,OTT,,,,,NotRecorded,NotApplicable,NotRecorded,NotApplicable,,So,10,10,1,1,CENSUS,86,,,,,,Y,
SS,86,N,U,N,U,Sort,Lan,Volume,Observer,Pckg_Survey_apiclust2_H1,N,,,1,1,1,1,CENSUS,86,,,,,,Y,
SA,86,,N,U,107254,NEP,FRE,WHL,DeadOrZeroProbSurvival,Lan,,,,U,,,,NotApplicable,,,,,,,,,Box,,,1,1,1,1,CENSUS,86,D,Observer,N,,,825,825,1
FT,52332,87,N,U,N,U,Observer,AtSea,1,ZWHWN,1968-03-27,,ZWHWN,1968-03-27,,72,5,,,SRSWOR,27,,,,,,Y,
FO,N,87,U,N,U,Observer,H,V,Lan,1968-03-27,,1968-03-27,,60,Crew,,,,,,,27.3.a.21,,NotApplicable,,,,,,OTT_CRU_70-89_2_35,OTT,,,,,NotRecorded,NotApplicable,NotRecorded,NotApplicable,,So,10,10,1,1,CENSUS,87,,,,,,Y,
SS,87,N,U,N,U,Sort,Lan,Volume,Observer,Pckg_Survey_apiclust2_H1,N,,,1,1,1,1,CENSUS,87,,,,,,Y,
SA,87,,N,U,107254,NEP,FRE,WHL,DeadOrZeroProbSurvival,Lan,,,,U,,,,NotApplicable,,,,,,,,,Box,,,1,1,1,1,CENSUS,87,D,Observer,N,,,230,230,1
FT,52332,88,N,U,N,U,Observer,AtSea,1,ZWHWN,1968-03-28,,ZWHWN,1968-03-28,,72,5,,,SRSWOR,27,,,,,,Y,
FO,N,88,U,N,U,Observer,H,V,Lan,1968-03-28,,1968-03-28,,60,Crew,,,,,,,27.3.a.21,,NotApplicable,,,,,,OTT_CRU_70-89_2_35,OTT,,,,,NotRecorded,NotApplicable,NotRecorded,NotApplicable,,So,10,10,1,1,CENSUS,88,,,,,,Y,
SS,88,N,U,N,U,Sort,Lan,Volume,Observer,Pckg_Survey_apiclust2_H1,N,,,1,1,1,1,CENSUS,88,,,,,,Y,
SA,88,,N,U,107254,NEP,FRE,WHL,DeadOrZeroProbSurvival,Lan,,,,U,,,,NotApplicable,,,,,,,,,Box,,,1,1,1,1,CENSUS,88,D,Observer,N,,,167,167,1
VS,28,51882,Y,U,N,U,Observer,757,40,,,SRSWOR,San Lorenzo Unified,,,,,,Y,
FT,51882,89,N,U,N,U,Observer,AtSea,1,ZWHWN,1968-03-29,,ZWHWN,1968-03-29,,14,5,,,SRSWOR,28,,,,,,Y,
FO,N,89,U,N,U,Observer,H,V,Lan,1968-03-29,,1968-03-29,,60,Crew,,,,,,,27.3.a.21,,NotApplicable,,,,,,OTT_CRU_70-89_2_35,OTT,,,,,NotRecorded,NotApplicable,NotRecorded,NotApplicable,,So,10,10,1,1,CENSUS,89,,,,,,Y,
SS,89,N,U,N,U,Sort,Lan,Volume,Observer,Pckg_Survey_apiclust2_H1,N,,,1,1,1,1,CENSUS,89,,,,,,Y,
SA,89,,N,U,107254,NEP,FRE,WHL,DeadOrZeroProbSurvival,Lan,,,,U,,,,NotApplicable,,,,,,,,,Box,,,1,1,1,1,CENSUS,89,D,Observer,N,,,443,443,1
FT,51882,90,N,U,N,U,Observer,AtSea,1,ZWHWN,1968-03-30,,ZWHWN,1968-03-30,,14,5,,,SRSWOR,28,,,,,,Y,
FO,N,90,U,N,U,Observer,H,V,Lan,1968-03-30,,1968-03-30,,60,Crew,,,,,,,27.3.a.21,,NotApplicable,,,,,,OTT_CRU_70-89_2_35,OTT,,,,,NotRecorded,NotApplicable,NotRecorded,NotApplicable,,So,10,10,1,1,CENSUS,90,,,,,,Y,
SS,90,N,U,N,U,Sort,Lan,Volume,Observer,Pckg_Survey_apiclust2_H1,N,,,1,1,1,1,CENSUS,90,,,,,,Y,
SA,90,,N,U,107254,NEP,FRE,WHL,DeadOrZeroProbSurvival,Lan,,,,U,,,,NotApplicable,,,,,,,,,Box,,,1,1,1,1,CENSUS,90,D,Observer,N,,,1077,1077,1
FT,51882,91,N,U,N,U,Observer,AtSea,1,ZWHWN,1968-03-31,,ZWHWN,1968-03-31,,14,5,,,SRSWOR,28,,,,,,Y,
FO,N,91,U,N,U,Observer,H,V,Lan,1968-03-31,,1968-03-31,,60,Crew,,,,,,,27.3.a.21,,NotApplicable,,,,,,OTT_CRU_70-89_2_35,OTT,,,,,NotRecorded,NotApplicable,NotRecorded,NotApplicable,,So,10,10,1,1,CENSUS,91,,,,,,Y,
SS,91,N,U,N,U,Sort,Lan,Volume,Observer,Pckg_Survey_apiclust2_H1,N,,,1,1,1,1,CENSUS,91,,,,,,Y,
SA,91,,N,U,107254,NEP,FRE,WHL,DeadOrZeroProbSurvival,Lan,,,,U,,,,NotApplicable,,,,,,,,,Box,,,1,1,1,1,CENSUS,91,D,Observer,N,,,1270,1270,1
FT,51882,92,N,U,N,U,Observer,AtSea,1,ZWHWN,1968-04-01,,ZWHWN,1968-04-01,,14,5,,,SRSWOR,28,,,,,,Y,
FO,N,92,U,N,U,Observer,H,V,Lan,1968-04-01,,1968-04-01,,60,Crew,,,,,,,27.3.a.21,,NotApplicable,,,,,,OTT_CRU_70-89_2_35,OTT,,,,,NotRecorded,NotApplicable,NotRecorded,NotApplicable,,So,10,10,1,1,CENSUS,92,,,,,,Y,
SS,92,N,U,N,U,Sort,Lan,Volume,Observer,Pckg_Survey_apiclust2_H1,N,,,1,1,1,1,CENSUS,92,,,,,,Y,
SA,92,,N,U,107254,NEP,FRE,WHL,DeadOrZeroProbSurvival,Lan,,,,U,,,,NotApplicable,,,,,,,,,Box,,,1,1,1,1,CENSUS,92,D,Observer,N,,,406,406,1
FT,51882,93,N,U,N,U,Observer,AtSea,1,ZWHWN,1968-04-02,,ZWHWN,1968-04-02,,14,5,,,SRSWOR,28,,,,,,Y,
FO,N,93,U,N,U,Observer,H,V,Lan,1968-04-02,,1968-04-02,,60,Crew,,,,,,,27.3.a.21,,NotApplicable,,,,,,OTT_CRU_70-89_2_35,OTT,,,,,NotRecorded,NotApplicable,NotRecorded,NotApplicable,,So,10,10,1,1,CENSUS,93,,,,,,Y,
SS,93,N,U,N,U,Sort,Lan,Volume,Observer,Pckg_Survey_apiclust2_H1,N,,,1,1,1,1,CENSUS,93,,,,,,Y,
SA,93,,N,U,107254,NEP,FRE,WHL,DeadOrZeroProbSurvival,Lan,,,,U,,,,NotApplicable,,,,,,,,,Box,,,1,1,1,1,CENSUS,93,D,Observer,N,,,239,239,1
VS,29,50268,Y,U,N,U,Observer,757,40,,,SRSWOR,San Lorenzo Valley Unif,,,,,,Y,
FT,50268,94,N,U,N,U,Observer,AtSea,1,ZWHWN,1968-04-03,,ZWHWN,1968-04-03,,7,5,,,SRSWOR,29,,,,,,Y,
FO,N,94,U,N,U,Observer,H,V,Lan,1968-04-03,,1968-04-03,,60,Crew,,,,,,,27.3.a.21,,NotApplicable,,,,,,OTT_CRU_70-89_2_35,OTT,,,,,NotRecorded,NotApplicable,NotRecorded,NotApplicable,,So,10,10,1,1,CENSUS,94,,,,,,Y,
SS,94,N,U,N,U,Sort,Lan,Volume,Observer,Pckg_Survey_apiclust2_H1,N,,,1,1,1,1,CENSUS,94,,,,,,Y,
SA,94,,N,U,107254,NEP,FRE,WHL,DeadOrZeroProbSurvival,Lan,,,,U,,,,NotApplicable,,,,,,,,,Box,,,1,1,1,1,CENSUS,94,D,Observer,N,,,290,290,1
FT,50268,95,N,U,N,U,Observer,AtSea,1,ZWHWN,1968-04-04,,ZWHWN,1968-04-04,,7,5,,,SRSWOR,29,,,,,,Y,
FO,N,95,U,N,U,Observer,H,V,Lan,1968-04-04,,1968-04-04,,60,Crew,,,,,,,27.3.a.21,,NotApplicable,,,,,,OTT_CRU_70-89_2_35,OTT,,,,,NotRecorded,NotApplicable,NotRecorded,NotApplicable,,So,10,10,1,1,CENSUS,95,,,,,,Y,
SS,95,N,U,N,U,Sort,Lan,Volume,Observer,Pckg_Survey_apiclust2_H1,N,,,1,1,1,1,CENSUS,95,,,,,,Y,
SA,95,,N,U,107254,NEP,FRE,WHL,DeadOrZeroProbSurvival,Lan,,,,U,,,,NotApplicable,,,,,,,,,Box,,,1,1,1,1,CENSUS,95,D,Observer,N,,,358,358,1
FT,50268,96,N,U,N,U,Observer,AtSea,1,ZWHWN,1968-04-05,,ZWHWN,1968-04-05,,7,5,,,SRSWOR,29,,,,,,Y,
FO,N,96,U,N,U,Observer,H,V,Lan,1968-04-05,,1968-04-05,,60,Crew,,,,,,,27.3.a.21,,NotApplicable,,,,,,OTT_CRU_70-89_2_35,OTT,,,,,NotRecorded,NotApplicable,NotRecorded,NotApplicable,,So,10,10,1,1,CENSUS,96,,,,,,Y,
SS,96,N,U,N,U,Sort,Lan,Volume,Observer,Pckg_Survey_apiclust2_H1,N,,,1,1,1,1,CENSUS,96,,,,,,Y,
SA,96,,N,U,107254,NEP,FRE,WHL,DeadOrZeroProbSurvival,Lan,,,,U,,,,NotApplicable,,,,,,,,,Box,,,1,1,1,1,CENSUS,96,D,Observer,N,,,348,348,1
FT,50268,97,N,U,N,U,Observer,AtSea,1,ZWHWN,1968-04-06,,ZWHWN,1968-04-06,,7,5,,,SRSWOR,29,,,,,,Y,
FO,N,97,U,N,U,Observer,H,V,Lan,1968-04-06,,1968-04-06,,60,Crew,,,,,,,27.3.a.21,,NotApplicable,,,,,,OTT_CRU_70-89_2_35,OTT,,,,,NotRecorded,NotApplicable,NotRecorded,NotApplicable,,So,10,10,1,1,CENSUS,97,,,,,,Y,
SS,97,N,U,N,U,Sort,Lan,Volume,Observer,Pckg_Survey_apiclust2_H1,N,,,1,1,1,1,CENSUS,97,,,,,,Y,
SA,97,,N,U,107254,NEP,FRE,WHL,DeadOrZeroProbSurvival,Lan,,,,U,,,,NotApplicable,,,,,,,,,Box,,,1,1,1,1,CENSUS,97,D,Observer,N,,,387,387,1
FT,50268,98,N,U,N,U,Observer,AtSea,1,ZWHWN,1968-04-07,,ZWHWN,1968-04-07,,7,5,,,SRSWOR,29,,,,,,Y,
FO,N,98,U,N,U,Observer,H,V,Lan,1968-04-07,,1968-04-07,,60,Crew,,,,,,,27.3.a.21,,NotApplicable,,,,,,OTT_CRU_70-89_2_35,OTT,,,,,NotRecorded,NotApplicable,NotRecorded,NotApplicable,,So,10,10,1,1,CENSUS,98,,,,,,Y,
SS,98,N,U,N,U,Sort,Lan,Volume,Observer,Pckg_Survey_apiclust2_H1,N,,,1,1,1,1,CENSUS,98,,,,,,Y,
SA,98,,N,U,107254,NEP,FRE,WHL,DeadOrZeroProbSurvival,Lan,,,,U,,,,NotApplicable,,,,,,,,,Box,,,1,1,1,1,CENSUS,98,D,Observer,N,,,927,927,1
VS,3,42060,Y,U,N,U,Observer,757,40,,,SRSWOR,Brisbane Elementary,,,,,,Y,
FT,42060,3,N,U,N,U,Observer,AtSea,1,ZWHWN,1968-01-03,,ZWHWN,1968-01-03,,3,3,,,SRSWOR,3,,,,,,Y,
FO,N,3,U,N,U,Observer,H,V,Lan,1968-01-03,,1968-01-03,,60,Crew,,,,,,,27.3.a.21,,NotApplicable,,,,,,OTT_CRU_70-89_2_35,OTT,,,,,NotRecorded,NotApplicable,NotRecorded,NotApplicable,,So,10,10,1,1,CENSUS,3,,,,,,Y,
SS,3,N,U,N,U,Sort,Lan,Volume,Observer,Pckg_Survey_apiclust2_H1,N,,,1,1,1,1,CENSUS,3,,,,,,Y,
SA,3,,N,U,107254,NEP,FRE,WHL,DeadOrZeroProbSurvival,Lan,,,,U,,,,NotApplicable,,,,,,,,,Box,,,1,1,1,1,CENSUS,3,D,Observer,N,,,173,173,1
FT,42060,4,N,U,N,U,Observer,AtSea,1,ZWHWN,1968-01-04,,ZWHWN,1968-01-04,,3,3,,,SRSWOR,3,,,,,,Y,
FO,N,4,U,N,U,Observer,H,V,Lan,1968-01-04,,1968-01-04,,60,Crew,,,,,,,27.3.a.21,,NotApplicable,,,,,,OTT_CRU_70-89_2_35,OTT,,,,,NotRecorded,NotApplicable,NotRecorded,NotApplicable,,So,10,10,1,1,CENSUS,4,,,,,,Y,
SS,4,N,U,N,U,Sort,Lan,Volume,Observer,Pckg_Survey_apiclust2_H1,N,,,1,1,1,1,CENSUS,4,,,,,,Y,
SA,4,,N,U,107254,NEP,FRE,WHL,DeadOrZeroProbSurvival,Lan,,,,U,,,,NotApplicable,,,,,,,,,Box,,,1,1,1,1,CENSUS,4,D,Observer,N,,,201,201,1
FT,42060,5,N,U,N,U,Observer,AtSea,1,ZWHWN,1968-01-05,,ZWHWN,1968-01-05,,3,3,,,SRSWOR,3,,,,,,Y,
FO,N,5,U,N,U,Observer,H,V,Lan,1968-01-05,,1968-01-05,,60,Crew,,,,,,,27.3.a.21,,NotApplicable,,,,,,OTT_CRU_70-89_2_35,OTT,,,,,NotRecorded,NotApplicable,NotRecorded,NotApplicable,,So,10,10,1,1,CENSUS,5,,,,,,Y,
SS,5,N,U,N,U,Sort,Lan,Volume,Observer,Pckg_Survey_apiclust2_H1,N,,,1,1,1,1,CENSUS,5,,,,,,Y,
SA,5,,N,U,107254,NEP,FRE,WHL,DeadOrZeroProbSurvival,Lan,,,,U,,,,NotApplicable,,,,,,,,,Box,,,1,1,1,1,CENSUS,5,D,Observer,N,,,147,147,1
VS,30,20204,Y,U,N,U,Observer,757,40,,,SRSWOR,Sebastopol Union Elem,,,,,,Y,
FT,20204,100,N,U,N,U,Observer,AtSea,1,ZWHWN,1968-04-09,,ZWHWN,1968-04-09,,2,2,,,SRSWOR,30,,,,,,Y,
FO,N,100,U,N,U,Observer,H,V,Lan,1968-04-09,,1968-04-09,,60,Crew,,,,,,,27.3.a.21,,NotApplicable,,,,,,OTT_CRU_70-89_2_35,OTT,,,,,NotRecorded,NotApplicable,NotRecorded,NotApplicable,,So,10,10,1,1,CENSUS,100,,,,,,Y,
SS,100,N,U,N,U,Sort,Lan,Volume,Observer,Pckg_Survey_apiclust2_H1,N,,,1,1,1,1,CENSUS,100,,,,,,Y,
SA,100,,N,U,107254,NEP,FRE,WHL,DeadOrZeroProbSurvival,Lan,,,,U,,,,NotApplicable,,,,,,,,,Box,,,1,1,1,1,CENSUS,100,D,Observer,N,,,404,404,1
FT,20204,99,N,U,N,U,Observer,AtSea,1,ZWHWN,1968-04-08,,ZWHWN,1968-04-08,,2,2,,,SRSWOR,30,,,,,,Y,
FO,N,99,U,N,U,Observer,H,V,Lan,1968-04-08,,1968-04-08,,60,Crew,,,,,,,27.3.a.21,,NotApplicable,,,,,,OTT_CRU_70-89_2_35,OTT,,,,,NotRecorded,NotApplicable,NotRecorded,NotApplicable,,So,10,10,1,1,CENSUS,99,,,,,,Y,
SS,99,N,U,N,U,Sort,Lan,Volume,Observer,Pckg_Survey_apiclust2_H1,N,,,1,1,1,1,CENSUS,99,,,,,,Y,
SA,99,,N,U,107254,NEP,FRE,WHL,DeadOrZeroProbSurvival,Lan,,,,U,,,,NotApplicable,,,,,,,,,Box,,,1,1,1,1,CENSUS,99,D,Observer,N,,,443,443,1
VS,31,51364,Y,U,N,U,Observer,757,40,,,SRSWOR,Sequoia Union High,,,,,,Y,
FT,51364,101,N,U,N,U,Observer,AtSea,1,ZWHWN,1968-04-10,,ZWHWN,1968-04-10,,4,4,,,SRSWOR,31,,,,,,Y,
FO,N,101,U,N,U,Observer,H,V,Lan,1968-04-10,,1968-04-10,,60,Crew,,,,,,,27.3.a.21,,NotApplicable,,,,,,OTT_CRU_70-89_2_35,OTT,,,,,NotRecorded,NotApplicable,NotRecorded,NotApplicable,,So,10,10,1,1,CENSUS,101,,,,,,Y,
SS,101,N,U,N,U,Sort,Lan,Volume,Observer,Pckg_Survey_apiclust2_H1,N,,,1,1,1,1,CENSUS,101,,,,,,Y,
SA,101,,N,U,107254,NEP,FRE,WHL,DeadOrZeroProbSurvival,Lan,,,,U,,,,NotApplicable,,,,,,,,,Box,,,1,1,1,1,CENSUS,101,D,Observer,N,,,1067,1067,1
FT,51364,102,N,U,N,U,Observer,AtSea,1,ZWHWN,1968-04-11,,ZWHWN,1968-04-11,,4,4,,,SRSWOR,31,,,,,,Y,
FO,N,102,U,N,U,Observer,H,V,Lan,1968-04-11,,1968-04-11,,60,Crew,,,,,,,27.3.a.21,,NotApplicable,,,,,,OTT_CRU_70-89_2_35,OTT,,,,,NotRecorded,NotApplicable,NotRecorded,NotApplicable,,So,10,10,1,1,CENSUS,102,,,,,,Y,
SS,102,N,U,N,U,Sort,Lan,Volume,Observer,Pckg_Survey_apiclust2_H1,N,,,1,1,1,1,CENSUS,102,,,,,,Y,
SA,102,,N,U,107254,NEP,FRE,WHL,DeadOrZeroProbSurvival,Lan,,,,U,,,,NotApplicable,,,,,,,,,Box,,,1,1,1,1,CENSUS,102,D,Observer,N,,,1195,1195,1
FT,51364,103,N,U,N,U,Observer,AtSea,1,ZWHWN,1968-04-12,,ZWHWN,1968-04-12,,4,4,,,SRSWOR,31,,,,,,Y,
FO,N,103,U,N,U,Observer,H,V,Lan,1968-04-12,,1968-04-12,,60,Crew,,,,,,,27.3.a.21,,NotApplicable,,,,,,OTT_CRU_70-89_2_35,OTT,,,,,NotRecorded,NotApplicable,NotRecorded,NotApplicable,,So,10,10,1,1,CENSUS,103,,,,,,Y,
SS,103,N,U,N,U,Sort,Lan,Volume,Observer,Pckg_Survey_apiclust2_H1,N,,,1,1,1,1,CENSUS,103,,,,,,Y,
SA,103,,N,U,107254,NEP,FRE,WHL,DeadOrZeroProbSurvival,Lan,,,,U,,,,NotApplicable,,,,,,,,,Box,,,1,1,1,1,CENSUS,103,D,Observer,N,,,1418,1418,1
FT,51364,104,N,U,N,U,Observer,AtSea,1,ZWHWN,1968-04-13,,ZWHWN,1968-04-13,,4,4,,,SRSWOR,31,,,,,,Y,
FO,N,104,U,N,U,Observer,H,V,Lan,1968-04-13,,1968-04-13,,60,Crew,,,,,,,27.3.a.21,,NotApplicable,,,,,,OTT_CRU_70-89_2_35,OTT,,,,,NotRecorded,NotApplicable,NotRecorded,NotApplicable,,So,10,10,1,1,CENSUS,104,,,,,,Y,
SS,104,N,U,N,U,Sort,Lan,Volume,Observer,Pckg_Survey_apiclust2_H1,N,,,1,1,1,1,CENSUS,104,,,,,,Y,
SA,104,,N,U,107254,NEP,FRE,WHL,DeadOrZeroProbSurvival,Lan,,,,U,,,,NotApplicable,,,,,,,,,Box,,,1,1,1,1,CENSUS,104,D,Observer,N,,,1418,1418,1
VS,32,47862,Y,U,N,U,Observer,757,40,,,SRSWOR,Sierra-Plumas Jt. Unified,,,,,,Y,
FT,47862,105,N,U,N,U,Observer,AtSea,1,ZWHWN,1968-04-14,,ZWHWN,1968-04-14,,3,3,,,SRSWOR,32,,,,,,Y,
FO,N,105,U,N,U,Observer,H,V,Lan,1968-04-14,,1968-04-14,,60,Crew,,,,,,,27.3.a.21,,NotApplicable,,,,,,OTT_CRU_70-89_2_35,OTT,,,,,NotRecorded,NotApplicable,NotRecorded,NotApplicable,,So,10,10,1,1,CENSUS,105,,,,,,Y,
SS,105,N,U,N,U,Sort,Lan,Volume,Observer,Pckg_Survey_apiclust2_H1,N,,,1,1,1,1,CENSUS,105,,,,,,Y,
SA,105,,N,U,107254,NEP,FRE,WHL,DeadOrZeroProbSurvival,Lan,,,,U,,,,NotApplicable,,,,,,,,,Box,,,1,1,1,1,CENSUS,105,D,Observer,N,,,156,156,1
FT,47862,106,N,U,N,U,Observer,AtSea,1,ZWHWN,1968-04-15,,ZWHWN,1968-04-15,,3,3,,,SRSWOR,32,,,,,,Y,
FO,N,106,U,N,U,Observer,H,V,Lan,1968-04-15,,1968-04-15,,60,Crew,,,,,,,27.3.a.21,,NotApplicable,,,,,,OTT_CRU_70-89_2_35,OTT,,,,,NotRecorded,NotApplicable,NotRecorded,NotApplicable,,So,10,10,1,1,CENSUS,106,,,,,,Y,
SS,106,N,U,N,U,Sort,Lan,Volume,Observer,Pckg_Survey_apiclust2_H1,N,,,1,1,1,1,CENSUS,106,,,,,,Y,
SA,106,,N,U,107254,NEP,FRE,WHL,DeadOrZeroProbSurvival,Lan,,,,U,,,,NotApplicable,,,,,,,,,Box,,,1,1,1,1,CENSUS,106,D,Observer,N,,,151,151,1
FT,47862,107,N,U,N,U,Observer,AtSea,1,ZWHWN,1968-04-16,,ZWHWN,1968-04-16,,3,3,,,SRSWOR,32,,,,,,Y,
FO,N,107,U,N,U,Observer,H,V,Lan,1968-04-16,,1968-04-16,,60,Crew,,,,,,,27.3.a.21,,NotApplicable,,,,,,OTT_CRU_70-89_2_35,OTT,,,,,NotRecorded,NotApplicable,NotRecorded,NotApplicable,,So,10,10,1,1,CENSUS,107,,,,,,Y,
SS,107,N,U,N,U,Sort,Lan,Volume,Observer,Pckg_Survey_apiclust2_H1,N,,,1,1,1,1,CENSUS,107,,,,,,Y,
SA,107,,N,U,107254,NEP,FRE,WHL,DeadOrZeroProbSurvival,Lan,,,,U,,,,NotApplicable,,,,,,,,,Box,,,1,1,1,1,CENSUS,107,D,Observer,N,,,125,125,1
VS,33,34554,Y,U,N,U,Observer,757,40,,,SRSWOR,South Bay Elementary,,,,,,Y,
FT,34554,108,N,U,N,U,Observer,AtSea,1,ZWHWN,1968-04-17,,ZWHWN,1968-04-17,,2,2,,,SRSWOR,33,,,,,,Y,
FO,N,108,U,N,U,Observer,H,V,Lan,1968-04-17,,1968-04-17,,60,Crew,,,,,,,27.3.a.21,,NotApplicable,,,,,,OTT_CRU_70-89_2_35,OTT,,,,,NotRecorded,NotApplicable,NotRecorded,NotApplicable,,So,10,10,1,1,CENSUS,108,,,,,,Y,
SS,108,N,U,N,U,Sort,Lan,Volume,Observer,Pckg_Survey_apiclust2_H1,N,,,1,1,1,1,CENSUS,108,,,,,,Y,
SA,108,,N,U,107254,NEP,FRE,WHL,DeadOrZeroProbSurvival,Lan,,,,U,,,,NotApplicable,,,,,,,,,Box,,,1,1,1,1,CENSUS,108,D,Observer,N,,,181,181,1
FT,34554,109,N,U,N,U,Observer,AtSea,1,ZWHWN,1968-04-18,,ZWHWN,1968-04-18,,2,2,,,SRSWOR,33,,,,,,Y,
FO,N,109,U,N,U,Observer,H,V,Lan,1968-04-18,,1968-04-18,,60,Crew,,,,,,,27.3.a.21,,NotApplicable,,,,,,OTT_CRU_70-89_2_35,OTT,,,,,NotRecorded,NotApplicable,NotRecorded,NotApplicable,,So,10,10,1,1,CENSUS,109,,,,,,Y,
SS,109,N,U,N,U,Sort,Lan,Volume,Observer,Pckg_Survey_apiclust2_H1,N,,,1,1,1,1,CENSUS,109,,,,,,Y,
SA,109,,N,U,107254,NEP,FRE,WHL,DeadOrZeroProbSurvival,Lan,,,,U,,,,NotApplicable,,,,,,,,,Box,,,1,1,1,1,CENSUS,109,D,Observer,N,,,205,205,1
VS,34,51626,Y,U,N,U,Observer,757,40,,,SRSWOR,Spreckels Union Elem,,,,,,Y,
FT,51626,110,N,U,N,U,Observer,AtSea,1,ZWHWN,1968-04-19,,ZWHWN,1968-04-19,,2,2,,,SRSWOR,34,,,,,,Y,
FO,N,110,U,N,U,Observer,H,V,Lan,1968-04-19,,1968-04-19,,60,Crew,,,,,,,27.3.a.21,,NotApplicable,,,,,,OTT_CRU_70-89_2_35,OTT,,,,,NotRecorded,NotApplicable,NotRecorded,NotApplicable,,So,10,10,1,1,CENSUS,110,,,,,,Y,
SS,110,N,U,N,U,Sort,Lan,Volume,Observer,Pckg_Survey_apiclust2_H1,N,,,1,1,1,1,CENSUS,110,,,,,,Y,
SA,110,,N,U,107254,NEP,FRE,WHL,DeadOrZeroProbSurvival,Lan,,,,U,,,,NotApplicable,,,,,,,,,Box,,,1,1,1,1,CENSUS,110,D,Observer,N,,,310,310,1
FT,51626,111,N,U,N,U,Observer,AtSea,1,ZWHWN,1968-04-20,,ZWHWN,1968-04-20,,2,2,,,SRSWOR,34,,,,,,Y,
FO,N,111,U,N,U,Observer,H,V,Lan,1968-04-20,,1968-04-20,,60,Crew,,,,,,,27.3.a.21,,NotApplicable,,,,,,OTT_CRU_70-89_2_35,OTT,,,,,NotRecorded,NotApplicable,NotRecorded,NotApplicable,,So,10,10,1,1,CENSUS,111,,,,,,Y,
SS,111,N,U,N,U,Sort,Lan,Volume,Observer,Pckg_Survey_apiclust2_H1,N,,,1,1,1,1,CENSUS,111,,,,,,Y,
SA,111,,N,U,107254,NEP,FRE,WHL,DeadOrZeroProbSurvival,Lan,,,,U,,,,NotApplicable,,,,,,,,,Box,,,1,1,1,1,CENSUS,111,D,Observer,N,,,428,428,1
VS,35,41428,Y,U,N,U,Observer,757,40,,,SRSWOR,Strathmore Union High,,,,,,Y,
FT,41428,112,N,U,N,U,Observer,AtSea,1,ZWHWN,1968-04-21,,ZWHWN,1968-04-21,,1,1,,,SRSWOR,35,,,,,,Y,
FO,N,112,U,N,U,Observer,H,V,Lan,1968-04-21,,1968-04-21,,60,Crew,,,,,,,27.3.a.21,,NotApplicable,,,,,,OTT_CRU_70-89_2_35,OTT,,,,,NotRecorded,NotApplicable,NotRecorded,NotApplicable,,So,10,10,1,1,CENSUS,112,,,,,,Y,
SS,112,N,U,N,U,Sort,Lan,Volume,Observer,Pckg_Survey_apiclust2_H1,N,,,1,1,1,1,CENSUS,112,,,,,,Y,
SA,112,,N,U,107254,NEP,FRE,WHL,DeadOrZeroProbSurvival,Lan,,,,U,,,,NotApplicable,,,,,,,,,Box,,,1,1,1,1,CENSUS,112,D,Observer,N,,,298,298,1
VS,36,31426,Y,U,N,U,Observer,757,40,,,SRSWOR,Sylvan Union Elementary,,,,,,Y,
FT,31426,113,N,U,N,U,Observer,AtSea,1,ZWHWN,1968-04-22,,ZWHWN,1968-04-22,,9,5,,,SRSWOR,36,,,,,,Y,
FO,N,113,U,N,U,Observer,H,V,Lan,1968-04-22,,1968-04-22,,60,Crew,,,,,,,27.3.a.21,,NotApplicable,,,,,,OTT_CRU_70-89_2_35,OTT,,,,,NotRecorded,NotApplicable,NotRecorded,NotApplicable,,So,10,10,1,1,CENSUS,113,,,,,,Y,
SS,113,N,U,N,U,Sort,Lan,Volume,Observer,Pckg_Survey_apiclust2_H1,N,,,1,1,1,1,CENSUS,113,,,,,,Y,
SA,113,,N,U,107254,NEP,FRE,WHL,DeadOrZeroProbSurvival,Lan,,,,U,,,,NotApplicable,,,,,,,,,Box,,,1,1,1,1,CENSUS,113,D,Observer,N,,,460,460,1
FT,31426,114,N,U,N,U,Observer,AtSea,1,ZWHWN,1968-04-23,,ZWHWN,1968-04-23,,9,5,,,SRSWOR,36,,,,,,Y,
FO,N,114,U,N,U,Observer,H,V,Lan,1968-04-23,,1968-04-23,,60,Crew,,,,,,,27.3.a.21,,NotApplicable,,,,,,OTT_CRU_70-89_2_35,OTT,,,,,NotRecorded,NotApplicable,NotRecorded,NotApplicable,,So,10,10,1,1,CENSUS,114,,,,,,Y,
SS,114,N,U,N,U,Sort,Lan,Volume,Observer,Pckg_Survey_apiclust2_H1,N,,,1,1,1,1,CENSUS,114,,,,,,Y,
SA,114,,N,U,107254,NEP,FRE,WHL,DeadOrZeroProbSurvival,Lan,,,,U,,,,NotApplicable,,,,,,,,,Box,,,1,1,1,1,CENSUS,114,D,Observer,N,,,315,315,1
FT,31426,115,N,U,N,U,Observer,AtSea,1,ZWHWN,1968-04-24,,ZWHWN,1968-04-24,,9,5,,,SRSWOR,36,,,,,,Y,
FO,N,115,U,N,U,Observer,H,V,Lan,1968-04-24,,1968-04-24,,60,Crew,,,,,,,27.3.a.21,,NotApplicable,,,,,,OTT_CRU_70-89_2_35,OTT,,,,,NotRecorded,NotApplicable,NotRecorded,NotApplicable,,So,10,10,1,1,CENSUS,115,,,,,,Y,
SS,115,N,U,N,U,Sort,Lan,Volume,Observer,Pckg_Survey_apiclust2_H1,N,,,1,1,1,1,CENSUS,115,,,,,,Y,
SA,115,,N,U,107254,NEP,FRE,WHL,DeadOrZeroProbSurvival,Lan,,,,U,,,,NotApplicable,,,,,,,,,Box,,,1,1,1,1,CENSUS,115,D,Observer,N,,,1012,1012,1
FT,31426,116,N,U,N,U,Observer,AtSea,1,ZWHWN,1968-04-25,,ZWHWN,1968-04-25,,9,5,,,SRSWOR,36,,,,,,Y,
FO,N,116,U,N,U,Observer,H,V,Lan,1968-04-25,,1968-04-25,,60,Crew,,,,,,,27.3.a.21,,NotApplicable,,,,,,OTT_CRU_70-89_2_35,OTT,,,,,NotRecorded,NotApplicable,NotRecorded,NotApplicable,,So,10,10,1,1,CENSUS,116,,,,,,Y,
SS,116,N,U,N,U,Sort,Lan,Volume,Observer,Pckg_Survey_apiclust2_H1,N,,,1,1,1,1,CENSUS,116,,,,,,Y,
SA,116,,N,U,107254,NEP,FRE,WHL,DeadOrZeroProbSurvival,Lan,,,,U,,,,NotApplicable,,,,,,,,,Box,,,1,1,1,1,CENSUS,116,D,Observer,N,,,1211,1211,1
FT,31426,117,N,U,N,U,Observer,AtSea,1,ZWHWN,1968-04-26,,ZWHWN,1968-04-26,,9,5,,,SRSWOR,36,,,,,,Y,
FO,N,117,U,N,U,Observer,H,V,Lan,1968-04-26,,1968-04-26,,60,Crew,,,,,,,27.3.a.21,,NotApplicable,,,,,,OTT_CRU_70-89_2_35,OTT,,,,,NotRecorded,NotApplicable,NotRecorded,NotApplicable,,So,10,10,1,1,CENSUS,117,,,,,,Y,
SS,117,N,U,N,U,Sort,Lan,Volume,Observer,Pckg_Survey_apiclust2_H1,N,,,1,1,1,1,CENSUS,117,,,,,,Y,
SA,117,,N,U,107254,NEP,FRE,WHL,DeadOrZeroProbSurvival,Lan,,,,U,,,,NotApplicable,,,,,,,,,Box,,,1,1,1,1,CENSUS,117,D,Observer,N,,,387,387,1
VS,37,46230,Y,U,N,U,Observer,757,40,,,SRSWOR,Three Rivers Union Elem,,,,,,Y,
FT,46230,118,N,U,N,U,Observer,AtSea,1,ZWHWN,1968-04-27,,ZWHWN,1968-04-27,,1,1,,,SRSWOR,37,,,,,,Y,
FO,N,118,U,N,U,Observer,H,V,Lan,1968-04-27,,1968-04-27,,60,Crew,,,,,,,27.3.a.21,,NotApplicable,,,,,,OTT_CRU_70-89_2_35,OTT,,,,,NotRecorded,NotApplicable,NotRecorded,NotApplicable,,So,10,10,1,1,CENSUS,118,,,,,,Y,
SS,118,N,U,N,U,Sort,Lan,Volume,Observer,Pckg_Survey_apiclust2_H1,N,,,1,1,1,1,CENSUS,118,,,,,,Y,
SA,118,,N,U,107254,NEP,FRE,WHL,DeadOrZeroProbSurvival,Lan,,,,U,,,,NotApplicable,,,,,,,,,Box,,,1,1,1,1,CENSUS,118,D,Observer,N,,,193,193,1
VS,38,50870,Y,U,N,U,Observer,757,40,,,SRSWOR,Valle Lindo Elementary,,,,,,Y,
FT,50870,119,N,U,N,U,Observer,AtSea,1,ZWHWN,1968-04-28,,ZWHWN,1968-04-28,,2,2,,,SRSWOR,38,,,,,,Y,
FO,N,119,U,N,U,Observer,H,V,Lan,1968-04-28,,1968-04-28,,60,Crew,,,,,,,27.3.a.21,,NotApplicable,,,,,,OTT_CRU_70-89_2_35,OTT,,,,,NotRecorded,NotApplicable,NotRecorded,NotApplicable,,So,10,10,1,1,CENSUS,119,,,,,,Y,
SS,119,N,U,N,U,Sort,Lan,Volume,Observer,Pckg_Survey_apiclust2_H1,N,,,1,1,1,1,CENSUS,119,,,,,,Y,
SA,119,,N,U,107254,NEP,FRE,WHL,DeadOrZeroProbSurvival,Lan,,,,U,,,,NotApplicable,,,,,,,,,Box,,,1,1,1,1,CENSUS,119,D,Observer,N,,,271,271,1
FT,50870,120,N,U,N,U,Observer,AtSea,1,ZWHWN,1968-04-29,,ZWHWN,1968-04-29,,2,2,,,SRSWOR,38,,,,,,Y,
FO,N,120,U,N,U,Observer,H,V,Lan,1968-04-29,,1968-04-29,,60,Crew,,,,,,,27.3.a.21,,NotApplicable,,,,,,OTT_CRU_70-89_2_35,OTT,,,,,NotRecorded,NotApplicable,NotRecorded,NotApplicable,,So,10,10,1,1,CENSUS,120,,,,,,Y,
SS,120,N,U,N,U,Sort,Lan,Volume,Observer,Pckg_Survey_apiclust2_H1,N,,,1,1,1,1,CENSUS,120,,,,,,Y,
SA,120,,N,U,107254,NEP,FRE,WHL,DeadOrZeroProbSurvival,Lan,,,,U,,,,NotApplicable,,,,,,,,,Box,,,1,1,1,1,CENSUS,120,D,Observer,N,,,663,663,1
VS,39,50278,Y,U,N,U,Observer,757,40,,,SRSWOR,Walnut Creek Elementary,,,,,,Y,
FT,50278,121,N,U,N,U,Observer,AtSea,1,ZWHWN,1968-04-30,,ZWHWN,1968-04-30,,6,5,,,SRSWOR,39,,,,,,Y,
FO,N,121,U,N,U,Observer,H,V,Lan,1968-04-30,,1968-04-30,,60,Crew,,,,,,,27.3.a.21,,NotApplicable,,,,,,OTT_CRU_70-89_2_35,OTT,,,,,NotRecorded,NotApplicable,NotRecorded,NotApplicable,,So,10,10,1,1,CENSUS,121,,,,,,Y,
SS,121,N,U,N,U,Sort,Lan,Volume,Observer,Pckg_Survey_apiclust2_H1,N,,,1,1,1,1,CENSUS,121,,,,,,Y,
SA,121,,N,U,107254,NEP,FRE,WHL,DeadOrZeroProbSurvival,Lan,,,,U,,,,NotApplicable,,,,,,,,,Box,,,1,1,1,1,CENSUS,121,D,Observer,N,,,269,269,1
FT,50278,122,N,U,N,U,Observer,AtSea,1,ZWHWN,1968-05-01,,ZWHWN,1968-05-01,,6,5,,,SRSWOR,39,,,,,,Y,
FO,N,122,U,N,U,Observer,H,V,Lan,1968-05-01,,1968-05-01,,60,Crew,,,,,,,27.3.a.21,,NotApplicable,,,,,,OTT_CRU_70-89_2_35,OTT,,,,,NotRecorded,NotApplicable,NotRecorded,NotApplicable,,So,10,10,1,1,CENSUS,122,,,,,,Y,
SS,122,N,U,N,U,Sort,Lan,Volume,Observer,Pckg_Survey_apiclust2_H1,N,,,1,1,1,1,CENSUS,122,,,,,,Y,
SA,122,,N,U,107254,NEP,FRE,WHL,DeadOrZeroProbSurvival,Lan,,,,U,,,,NotApplicable,,,,,,,,,Box,,,1,1,1,1,CENSUS,122,D,Observer,N,,,258,258,1
FT,50278,123,N,U,N,U,Observer,AtSea,1,ZWHWN,1968-05-02,,ZWHWN,1968-05-02,,6,5,,,SRSWOR,39,,,,,,Y,
FO,N,123,U,N,U,Observer,H,V,Lan,1968-05-02,,1968-05-02,,60,Crew,,,,,,,27.3.a.21,,NotApplicable,,,,,,OTT_CRU_70-89_2_35,OTT,,,,,NotRecorded,NotApplicable,NotRecorded,NotApplicable,,So,10,10,1,1,CENSUS,123,,,,,,Y,
SS,123,N,U,N,U,Sort,Lan,Volume,Observer,Pckg_Survey_apiclust2_H1,N,,,1,1,1,1,CENSUS,123,,,,,,Y,
SA,123,,N,U,107254,NEP,FRE,WHL,DeadOrZeroProbSurvival,Lan,,,,U,,,,NotApplicable,,,,,,,,,Box,,,1,1,1,1,CENSUS,123,D,Observer,N,,,351,351,1
FT,50278,124,N,U,N,U,Observer,AtSea,1,ZWHWN,1968-05-03,,ZWHWN,1968-05-03,,6,5,,,SRSWOR,39,,,,,,Y,
FO,N,124,U,N,U,Observer,H,V,Lan,1968-05-03,,1968-05-03,,60,Crew,,,,,,,27.3.a.21,,NotApplicable,,,,,,OTT_CRU_70-89_2_35,OTT,,,,,NotRecorded,NotApplicable,NotRecorded,NotApplicable,,So,10,10,1,1,CENSUS,124,,,,,,Y,
SS,124,N,U,N,U,Sort,Lan,Volume,Observer,Pckg_Survey_apiclust2_H1,N,,,1,1,1,1,CENSUS,124,,,,,,Y,
SA,124,,N,U,107254,NEP,FRE,WHL,DeadOrZeroProbSurvival,Lan,,,,U,,,,NotApplicable,,,,,,,,,Box,,,1,1,1,1,CENSUS,124,D,Observer,N,,,319,319,1
FT,50278,125,N,U,N,U,Observer,AtSea,1,ZWHWN,1968-05-04,,ZWHWN,1968-05-04,,6,5,,,SRSWOR,39,,,,,,Y,
FO,N,125,U,N,U,Observer,H,V,Lan,1968-05-04,,1968-05-04,,60,Crew,,,,,,,27.3.a.21,,NotApplicable,,,,,,OTT_CRU_70-89_2_35,OTT,,,,,NotRecorded,NotApplicable,NotRecorded,NotApplicable,,So,10,10,1,1,CENSUS,125,,,,,,Y,
SS,125,N,U,N,U,Sort,Lan,Volume,Observer,Pckg_Survey_apiclust2_H1,N,,,1,1,1,1,CENSUS,125,,,,,,Y,
SA,125,,N,U,107254,NEP,FRE,WHL,DeadOrZeroProbSurvival,Lan,,,,U,,,,NotApplicable,,,,,,,,,Box,,,1,1,1,1,CENSUS,125,D,Observer,N,,,270,270,1
VS,4,46770,Y,U,N,U,Observer,757,40,,,SRSWOR,Cayucos Elementary,,,,,,Y,
FT,46770,6,N,U,N,U,Observer,AtSea,1,ZWHWN,1968-01-06,,ZWHWN,1968-01-06,,1,1,,,SRSWOR,4,,,,,,Y,
FO,N,6,U,N,U,Observer,H,V,Lan,1968-01-06,,1968-01-06,,60,Crew,,,,,,,27.3.a.21,,NotApplicable,,,,,,OTT_CRU_70-89_2_35,OTT,,,,,NotRecorded,NotApplicable,NotRecorded,NotApplicable,,So,10,10,1,1,CENSUS,6,,,,,,Y,
SS,6,N,U,N,U,Sort,Lan,Volume,Observer,Pckg_Survey_apiclust2_H1,N,,,1,1,1,1,CENSUS,6,,,,,,Y,
SA,6,,N,U,107254,NEP,FRE,WHL,DeadOrZeroProbSurvival,Lan,,,,U,,,,NotApplicable,,,,,,,,,Box,,,1,1,1,1,CENSUS,6,D,Observer,N,,,234,234,1
VS,40,38250,Y,U,N,U,Observer,757,40,,,SRSWOR,Weed Union Elementary,,,,,,Y,
FT,38250,126,N,U,N,U,Observer,AtSea,1,ZWHWN,1968-05-05,,ZWHWN,1968-05-05,,1,1,,,SRSWOR,40,,,,,,Y,
FO,N,126,U,N,U,Observer,H,V,Lan,1968-05-05,,1968-05-05,,60,Crew,,,,,,,27.3.a.21,,NotApplicable,,,,,,OTT_CRU_70-89_2_35,OTT,,,,,NotRecorded,NotApplicable,NotRecorded,NotApplicable,,So,10,10,1,1,CENSUS,126,,,,,,Y,
SS,126,N,U,N,U,Sort,Lan,Volume,Observer,Pckg_Survey_apiclust2_H1,N,,,1,1,1,1,CENSUS,126,,,,,,Y,
SA,126,,N,U,107254,NEP,FRE,WHL,DeadOrZeroProbSurvival,Lan,,,,U,,,,NotApplicable,,,,,,,,,Box,,,1,1,1,1,CENSUS,126,D,Observer,N,,,333,333,1
VS,5,50796,Y,U,N,U,Observer,757,40,,,SRSWOR,Chowchilla Elementary,,,,,,Y,
FT,50796,7,N,U,N,U,Observer,AtSea,1,ZWHWN,1968-01-07,,ZWHWN,1968-01-07,,3,3,,,SRSWOR,5,,,,,,Y,
FO,N,7,U,N,U,Observer,H,V,Lan,1968-01-07,,1968-01-07,,60,Crew,,,,,,,27.3.a.21,,NotApplicable,,,,,,OTT_CRU_70-89_2_35,OTT,,,,,NotRecorded,NotApplicable,NotRecorded,NotApplicable,,So,10,10,1,1,CENSUS,7,,,,,,Y,
SS,7,N,U,N,U,Sort,Lan,Volume,Observer,Pckg_Survey_apiclust2_H1,N,,,1,1,1,1,CENSUS,7,,,,,,Y,
SA,7,,N,U,107254,NEP,FRE,WHL,DeadOrZeroProbSurvival,Lan,,,,U,,,,NotApplicable,,,,,,,,,Box,,,1,1,1,1,CENSUS,7,D,Observer,N,,,184,184,1
FT,50796,8,N,U,N,U,Observer,AtSea,1,ZWHWN,1968-01-08,,ZWHWN,1968-01-08,,3,3,,,SRSWOR,5,,,,,,Y,
FO,N,8,U,N,U,Observer,H,V,Lan,1968-01-08,,1968-01-08,,60,Crew,,,,,,,27.3.a.21,,NotApplicable,,,,,,OTT_CRU_70-89_2_35,OTT,,,,,NotRecorded,NotApplicable,NotRecorded,NotApplicable,,So,10,10,1,1,CENSUS,8,,,,,,Y,
SS,8,N,U,N,U,Sort,Lan,Volume,Observer,Pckg_Survey_apiclust2_H1,N,,,1,1,1,1,CENSUS,8,,,,,,Y,
SA,8,,N,U,107254,NEP,FRE,WHL,DeadOrZeroProbSurvival,Lan,,,,U,,,,NotApplicable,,,,,,,,,Box,,,1,1,1,1,CENSUS,8,D,Observer,N,,,512,512,1
FT,50796,9,N,U,N,U,Observer,AtSea,1,ZWHWN,1968-01-09,,ZWHWN,1968-01-09,,3,3,,,SRSWOR,5,,,,,,Y,
FO,N,9,U,N,U,Observer,H,V,Lan,1968-01-09,,1968-01-09,,60,Crew,,,,,,,27.3.a.21,,NotApplicable,,,,,,OTT_CRU_70-89_2_35,OTT,,,,,NotRecorded,NotApplicable,NotRecorded,NotApplicable,,So,10,10,1,1,CENSUS,9,,,,,,Y,
SS,9,N,U,N,U,Sort,Lan,Volume,Observer,Pckg_Survey_apiclust2_H1,N,,,1,1,1,1,CENSUS,9,,,,,,Y,
SA,9,,N,U,107254,NEP,FRE,WHL,DeadOrZeroProbSurvival,Lan,,,,U,,,,NotApplicable,,,,,,,,,Box,,,1,1,1,1,CENSUS,9,D,Observer,N,,,543,543,1
VS,6,43048,Y,U,N,U,Observer,757,40,,,SRSWOR,Colusa Unified,,,,,,Y,
FT,43048,10,N,U,N,U,Observer,AtSea,1,ZWHWN,1968-01-10,,ZWHWN,1968-01-10,,3,3,,,SRSWOR,6,,,,,,Y,
FO,N,10,U,N,U,Observer,H,V,Lan,1968-01-10,,1968-01-10,,60,Crew,,,,,,,27.3.a.21,,NotApplicable,,,,,,OTT_CRU_70-89_2_35,OTT,,,,,NotRecorded,NotApplicable,NotRecorded,NotApplicable,,So,10,10,1,1,CENSUS,10,,,,,,Y,
SS,10,N,U,N,U,Sort,Lan,Volume,Observer,Pckg_Survey_apiclust2_H1,N,,,1,1,1,1,CENSUS,10,,,,,,Y,
SA,10,,N,U,107254,NEP,FRE,WHL,DeadOrZeroProbSurvival,Lan,,,,U,,,,NotApplicable,,,,,,,,,Box,,,1,1,1,1,CENSUS,10,D,Observer,N,,,332,332,1
FT,43048,11,N,U,N,U,Observer,AtSea,1,ZWHWN,1968-01-11,,ZWHWN,1968-01-11,,3,3,,,SRSWOR,6,,,,,,Y,
FO,N,11,U,N,U,Observer,H,V,Lan,1968-01-11,,1968-01-11,,60,Crew,,,,,,,27.3.a.21,,NotApplicable,,,,,,OTT_CRU_70-89_2_35,OTT,,,,,NotRecorded,NotApplicable,NotRecorded,NotApplicable,,So,10,10,1,1,CENSUS,11,,,,,,Y,
SS,11,N,U,N,U,Sort,Lan,Volume,Observer,Pckg_Survey_apiclust2_H1,N,,,1,1,1,1,CENSUS,11,,,,,,Y,
SA,11,,N,U,107254,NEP,FRE,WHL,DeadOrZeroProbSurvival,Lan,,,,U,,,,NotApplicable,,,,,,,,,Box,,,1,1,1,1,CENSUS,11,D,Observer,N,,,217,217,1
FT,43048,12,N,U,N,U,Observer,AtSea,1,ZWHWN,1968-01-12,,ZWHWN,1968-01-12,,3,3,,,SRSWOR,6,,,,,,Y,
FO,N,12,U,N,U,Observer,H,V,Lan,1968-01-12,,1968-01-12,,60,Crew,,,,,,,27.3.a.21,,NotApplicable,,,,,,OTT_CRU_70-89_2_35,OTT,,,,,NotRecorded,NotApplicable,NotRecorded,NotApplicable,,So,10,10,1,1,CENSUS,12,,,,,,Y,
SS,12,N,U,N,U,Sort,Lan,Volume,Observer,Pckg_Survey_apiclust2_H1,N,,,1,1,1,1,CENSUS,12,,,,,,Y,
SA,12,,N,U,107254,NEP,FRE,WHL,DeadOrZeroProbSurvival,Lan,,,,U,,,,NotApplicable,,,,,,,,,Box,,,1,1,1,1,CENSUS,12,D,Observer,N,,,520,520,1
VS,7,50708,Y,U,N,U,Observer,757,40,,,SRSWOR,Del Mar Union Elementary,,,,,,Y,
FT,50708,13,N,U,N,U,Observer,AtSea,1,ZWHWN,1968-01-13,,ZWHWN,1968-01-13,,4,4,,,SRSWOR,7,,,,,,Y,
FO,N,13,U,N,U,Observer,H,V,Lan,1968-01-13,,1968-01-13,,60,Crew,,,,,,,27.3.a.21,,NotApplicable,,,,,,OTT_CRU_70-89_2_35,OTT,,,,,NotRecorded,NotApplicable,NotRecorded,NotApplicable,,So,10,10,1,1,CENSUS,13,,,,,,Y,
SS,13,N,U,N,U,Sort,Lan,Volume,Observer,Pckg_Survey_apiclust2_H1,N,,,1,1,1,1,CENSUS,13,,,,,,Y,
SA,13,,N,U,107254,NEP,FRE,WHL,DeadOrZeroProbSurvival,Lan,,,,U,,,,NotApplicable,,,,,,,,,Box,,,1,1,1,1,CENSUS,13,D,Observer,N,,,507,507,1
FT,50708,14,N,U,N,U,Observer,AtSea,1,ZWHWN,1968-01-14,,ZWHWN,1968-01-14,,4,4,,,SRSWOR,7,,,,,,Y,
FO,N,14,U,N,U,Observer,H,V,Lan,1968-01-14,,1968-01-14,,60,Crew,,,,,,,27.3.a.21,,NotApplicable,,,,,,OTT_CRU_70-89_2_35,OTT,,,,,NotRecorded,NotApplicable,NotRecorded,NotApplicable,,So,10,10,1,1,CENSUS,14,,,,,,Y,
SS,14,N,U,N,U,Sort,Lan,Volume,Observer,Pckg_Survey_apiclust2_H1,N,,,1,1,1,1,CENSUS,14,,,,,,Y,
SA,14,,N,U,107254,NEP,FRE,WHL,DeadOrZeroProbSurvival,Lan,,,,U,,,,NotApplicable,,,,,,,,,Box,,,1,1,1,1,CENSUS,14,D,Observer,N,,,362,362,1
FT,50708,15,N,U,N,U,Observer,AtSea,1,ZWHWN,1968-01-15,,ZWHWN,1968-01-15,,4,4,,,SRSWOR,7,,,,,,Y,
FO,N,15,U,N,U,Observer,H,V,Lan,1968-01-15,,1968-01-15,,60,Crew,,,,,,,27.3.a.21,,NotApplicable,,,,,,OTT_CRU_70-89_2_35,OTT,,,,,NotRecorded,NotApplicable,NotRecorded,NotApplicable,,So,10,10,1,1,CENSUS,15,,,,,,Y,
SS,15,N,U,N,U,Sort,Lan,Volume,Observer,Pckg_Survey_apiclust2_H1,N,,,1,1,1,1,CENSUS,15,,,,,,Y,
SA,15,,N,U,107254,NEP,FRE,WHL,DeadOrZeroProbSurvival,Lan,,,,U,,,,NotApplicable,,,,,,,,,Box,,,1,1,1,1,CENSUS,15,D,Observer,N,,,402,402,1
FT,50708,16,N,U,N,U,Observer,AtSea,1,ZWHWN,1968-01-16,,ZWHWN,1968-01-16,,4,4,,,SRSWOR,7,,,,,,Y,
FO,N,16,U,N,U,Observer,H,V,Lan,1968-01-16,,1968-01-16,,60,Crew,,,,,,,27.3.a.21,,NotApplicable,,,,,,OTT_CRU_70-89_2_35,OTT,,,,,NotRecorded,NotApplicable,NotRecorded,NotApplicable,,So,10,10,1,1,CENSUS,16,,,,,,Y,
SS,16,N,U,N,U,Sort,Lan,Volume,Observer,Pckg_Survey_apiclust2_H1,N,,,1,1,1,1,CENSUS,16,,,,,,Y,
SA,16,,N,U,107254,NEP,FRE,WHL,DeadOrZeroProbSurvival,Lan,,,,U,,,,NotApplicable,,,,,,,,,Box,,,1,1,1,1,CENSUS,16,D,Observer,N,,,408,408,1
VS,8,50654,Y,U,N,U,Observer,757,40,,,SRSWOR,Delano Joint Union High,,,,,,Y,
FT,50654,17,N,U,N,U,Observer,AtSea,1,ZWHWN,1968-01-17,,ZWHWN,1968-01-17,,1,1,,,SRSWOR,8,,,,,,Y,
FO,N,17,U,N,U,Observer,H,V,Lan,1968-01-17,,1968-01-17,,60,Crew,,,,,,,27.3.a.21,,NotApplicable,,,,,,OTT_CRU_70-89_2_35,OTT,,,,,NotRecorded,NotApplicable,NotRecorded,NotApplicable,,So,10,10,1,1,CENSUS,17,,,,,,Y,
SS,17,N,U,N,U,Sort,Lan,Volume,Observer,Pckg_Survey_apiclust2_H1,N,,,1,1,1,1,CENSUS,17,,,,,,Y,
SA,17,,N,U,107254,NEP,FRE,WHL,DeadOrZeroProbSurvival,Lan,,,,U,,,,NotApplicable,,,,,,,,,Box,,,1,1,1,1,CENSUS,17,D,Observer,N,,,2237,2237,1
VS,9,51104,Y,U,N,U,Observer,757,40,,,SRSWOR,Eastside Union Elem,,,,,,Y,
FT,51104,18,N,U,N,U,Observer,AtSea,1,ZWHWN,1968-01-18,,ZWHWN,1968-01-18,,4,4,,,SRSWOR,9,,,,,,Y,
FO,N,18,U,N,U,Observer,H,V,Lan,1968-01-18,,1968-01-18,,60,Crew,,,,,,,27.3.a.21,,NotApplicable,,,,,,OTT_CRU_70-89_2_35,OTT,,,,,NotRecorded,NotApplicable,NotRecorded,NotApplicable,,So,10,10,1,1,CENSUS,18,,,,,,Y,
SS,18,N,U,N,U,Sort,Lan,Volume,Observer,Pckg_Survey_apiclust2_H1,N,,,1,1,1,1,CENSUS,18,,,,,,Y,
SA,18,,N,U,107254,NEP,FRE,WHL,DeadOrZeroProbSurvival,Lan,,,,U,,,,NotApplicable,,,,,,,,,Box,,,1,1,1,1,CENSUS,18,D,Observer,N,,,471,471,1
FT,51104,19,N,U,N,U,Observer,AtSea,1,ZWHWN,1968-01-19,,ZWHWN,1968-01-19,,4,4,,,SRSWOR,9,,,,,,Y,
FO,N,19,U,N,U,Observer,H,V,Lan,1968-01-19,,1968-01-19,,60,Crew,,,,,,,27.3.a.21,,NotApplicable,,,,,,OTT_CRU_70-89_2_35,OTT,,,,,NotRecorded,NotApplicable,NotRecorded,NotApplicable,,So,10,10,1,1,CENSUS,19,,,,,,Y,
SS,19,N,U,N,U,Sort,Lan,Volume,Observer,Pckg_Survey_apiclust2_H1,N,,,1,1,1,1,CENSUS,19,,,,,,Y,
SA,19,,N,U,107254,NEP,FRE,WHL,DeadOrZeroProbSurvival,Lan,,,,U,,,,NotApplicable,,,,,,,,,Box,,,1,1,1,1,CENSUS,19,D,Observer,N,,,501,501,1
FT,51104,20,N,U,N,U,Observer,AtSea,1,ZWHWN,1968-01-20,,ZWHWN,1968-01-20,,4,4,,,SRSWOR,9,,,,,,Y,
FO,N,20,U,N,U,Observer,H,V,Lan,1968-01-20,,1968-01-20,,60,Crew,,,,,,,27.3.a.21,,NotApplicable,,,,,,OTT_CRU_70-89_2_35,OTT,,,,,NotRecorded,NotApplicable,NotRecorded,NotApplicable,,So,10,10,1,1,CENSUS,20,,,,,,Y,
SS,20,N,U,N,U,Sort,Lan,Volume,Observer,Pckg_Survey_apiclust2_H1,N,,,1,1,1,1,CENSUS,20,,,,,,Y,
SA,20,,N,U,107254,NEP,FRE,WHL,DeadOrZeroProbSurvival,Lan,,,,U,,,,NotApplicable,,,,,,,,,Box,,,1,1,1,1,CENSUS,20,D,Observer,N,,,720,720,1
FT,51104,21,N,U,N,U,Observer,AtSea,1,ZWHWN,1968-01-21,,ZWHWN,1968-01-21,,4,4,,,SRSWOR,9,,,,,,Y,
FO,N,21,U,N,U,Observer,H,V,Lan,1968-01-21,,1968-01-21,,60,Crew,,,,,,,27.3.a.21,,NotApplicable,,,,,,OTT_CRU_70-89_2_35,OTT,,,,,NotRecorded,NotApplicable,NotRecorded,NotApplicable,,So,10,10,1,1,CENSUS,21,,,,,,Y,
SS,21,N,U,N,U,Sort,Lan,Volume,Observer,Pckg_Survey_apiclust2_H1,N,,,1,1,1,1,CENSUS,21,,,,,,Y,
SA,21,,N,U,107254,NEP,FRE,WHL,DeadOrZeroProbSurvival,Lan,,,,U,,,,NotApplicable,,,,,,,,,Box,,,1,1,1,1,CENSUS,21,D,Observer,N,,,311,311,1
